ShipmentID;CustomsRegime;CargoValueEUR;DutyRatePct;DutyPayableEUR;DutySavedEUR;DutyPaidEUR
SHP0001;Standard Entry;149670,67;12;17960,48;0;17960,48
SHP0002;Standard Entry;59007,95;1,7;1003,14;0;1003,14
SHP0003;FTA Relief;28695,51;12;3443,46;3285,92;157,54
SHP0004;End Use Relief;52110,7;0;0;0;0
SHP0005;IP Relief;95694,34;5,5;5263,19;3017,53;2245,66
SHP0006;Temporary Admission;172730,49;12;20727,66;20076,2;651,46
SHP0007;FTA Relief;165582,47;0;0;0;0
SHP0008;IP Relief;58733,59;0;0;0;0
SHP0009;Standard Entry;98496,73;0;0;0;0
SHP0010;Standard Entry;70372,17;0;0;0;0
SHP0011;Standard Entry;228593,82;0;0;0;0
SHP0012;FTA Relief;151741,42;0;0;0;0
SHP0013;End Use Relief;21957,07;0;0;0;0
SHP0014;End Use Relief;183833,11;0;0;0;0
SHP0015;FTA Relief;149135,64;0;0;0;0
SHP0016;Standard Entry;73226,93;0;0;0;0
SHP0017;Temporary Admission;28109,82;1,7;477,87;445,28;32,59
SHP0018;Standard Entry;183412,33;0;0;0;0
SHP0019;Temporary Admission;219249,06;12;26309,89;21444,59;4865,3
SHP0020;Temporary Admission;103254,87;12;12390,58;10057,77;2332,81
SHP0021;Temporary Admission;181010,03;4,5;8145,45;6768,54;1376,91
SHP0022;Standard Entry;121813,19;0;0;0;0
SHP0023;End Use Relief;34372,22;0;0;0;0
SHP0024;Standard Entry;234003,03;5,5;12870,17;0;12870,17
SHP0025;Standard Entry;234254,9;0;0;0;0
SHP0026;FTA Relief;220811,72;0;0;0;0
SHP0027;IP Relief;168626,48;0;0;0;0
SHP0028;IP Relief;89005,67;12;10680,68;7910,37;2770,31
SHP0029;Standard Entry;86721,35;0;0;0;0
SHP0030;Standard Entry;13826,89;0;0;0;0
SHP0031;IP Relief;172106,34;0;0;0;0
SHP0032;FTA Relief;48943,36;0;0;0;0
SHP0033;Standard Entry;230020,72;5,5;12651,14;0;12651,14
SHP0034;IP Relief;73385,62;5,5;4036,21;2924,31;1111,9
SHP0035;End Use Relief;111468,12;12;13376,17;10098,88;3277,29
SHP0036;End Use Relief;111834,09;0;0;0;0
SHP0037;IP Relief;80774,74;1,7;1373,17;882,86;490,31
SHP0038;Temporary Admission;144430,79;0;0;0;0
SHP0039;Standard Entry;170528,67;1,7;2898,99;0;2898,99
SHP0040;Standard Entry;202607,91;4,5;9117,36;0;9117,36
SHP0041;Standard Entry;175606,79;12;21072,81;0;21072,81
SHP0042;Standard Entry;239701,68;0;0;0;0
SHP0043;FTA Relief;150885,82;9;13579,72;13376,19;203,53
SHP0044;FTA Relief;65573,74;9;5901,64;5260,12;641,52
SHP0045;IP Relief;38901,65;12;4668,2;2711,95;1956,25
SHP0046;Temporary Admission;107935,16;0;0;0;0
SHP0047;Temporary Admission;152796,88;4,5;6875,86;5803,97;1071,89
SHP0048;Standard Entry;45435,96;4,5;2044,62;0;2044,62
SHP0049;End Use Relief;110010,13;1,7;1870,17;1502,49;367,68
SHP0050;IP Relief;189242,41;9;17031,82;13475,12;3556,7
SHP0051;IP Relief;12602,35;0;0;0;0
SHP0052;Standard Entry;67779,71;0;0;0;0
SHP0053;FTA Relief;146070,2;0;0;0;0
SHP0054;Standard Entry;246041,87;0;0;0;0
SHP0055;End Use Relief;107914,39;0;0;0;0
SHP0056;End Use Relief;123456,89;0;0;0;0
SHP0057;Temporary Admission;12031,5;12;1443,78;1400,74;43,04
SHP0058;IP Relief;7487,02;4,5;336,92;280,26;56,66
SHP0059;Temporary Admission;199268,55;0;0;0;0
SHP0060;Temporary Admission;139845,18;4,5;6293,03;5477,21;815,82
SHP0061;FTA Relief;174090,07;0;0;0;0
SHP0062;FTA Relief;79055,56;0;0;0;0
SHP0063;FTA Relief;8005,02;0;0;0;0
SHP0064;Temporary Admission;125477,91;12;15057,35;13783,56;1273,79
SHP0065;Standard Entry;151051,08;12;18126,13;0;18126,13
SHP0066;End Use Relief;240226,65;12;28827,2;15414,82;13412,38
SHP0067;End Use Relief;115373,41;12;13844,81;9799,83;4044,98
SHP0068;Temporary Admission;198855,7;0;0;0;0
SHP0069;IP Relief;199194;0;0;0;0
SHP0070;Temporary Admission;151518,98;0;0;0;0
SHP0071;End Use Relief;14856,76;0;0;0;0
SHP0072;Standard Entry;105045,28;5,5;5777,49;0;5777,49
SHP0073;Standard Entry;26574,65;4,5;1195,86;0;1195,86
SHP0074;Standard Entry;18280;12;2193,6;0;2193,6
SHP0075;IP Relief;220807,42;12;26496,89;17743,62;8753,27
SHP0076;End Use Relief;228667,82;0;0;0;0
SHP0077;Temporary Admission;40437,28;5,5;2224,05;1864,03;360,02
SHP0078;Standard Entry;148799,74;4,5;6695,99;0;6695,99
SHP0079;End Use Relief;218052,41;4,5;9812,36;8274,48;1537,88
SHP0080;IP Relief;247161,43;0;0;0;0
SHP0081;Standard Entry;8760,16;4,5;394,21;0;394,21
SHP0082;End Use Relief;85498,57;4,5;3847,44;2831,81;1015,63
SHP0083;FTA Relief;187957,76;0;0;0;0
SHP0084;Standard Entry;92823,52;0;0;0;0
SHP0085;FTA Relief;218355,7;0;0;0;0
SHP0086;IP Relief;118987,05;0;0;0;0
SHP0087;Temporary Admission;79019,81;0;0;0;0
SHP0088;IP Relief;166266,3;1,7;2826,53;1684,8;1141,73
SHP0089;IP Relief;66403,57;1,7;1128,86;862,96;265,9
SHP0090;End Use Relief;227858,81;0;0;0;0
SHP0091;IP Relief;45313,38;0;0;0;0
SHP0092;FTA Relief;202123,97;12;24254,88;19639,96;4614,92
SHP0093;Standard Entry;161444,57;4,5;7265,01;0;7265,01
SHP0094;End Use Relief;20488,18;0;0;0;0
SHP0095;Temporary Admission;38237,69;4,5;1720,7;1532,68;188,02
SHP0096;Temporary Admission;174118,76;12;20894,25;17623,34;3270,91
SHP0097;Standard Entry;51503,1;0;0;0;0
SHP0098;Standard Entry;143321,6;0;0;0;0
SHP0099;FTA Relief;246086,89;4,5;11073,91;11032,47;41,44
SHP0100;FTA Relief;70015,04;4,5;3150,68;2325,29;825,39
SHP0101;IP Relief;128440,48;0;0;0;0
SHP0102;Temporary Admission;179538,32;0;0;0;0
SHP0103;End Use Relief;84670,43;4,5;3810,17;3231,48;578,69
SHP0104;Standard Entry;217045,62;0;0;0;0
SHP0105;Temporary Admission;167951,43;5,5;9237,33;8081,37;1155,96
SHP0106;Temporary Admission;36878,29;0;0;0;0
SHP0107;Standard Entry;30382,14;12;3645,86;0;3645,86
SHP0108;End Use Relief;60408,98;4,5;2718,4;1767,47;950,93
SHP0109;IP Relief;218116,36;0;0;0;0
SHP0110;Temporary Admission;95663,01;12;11479,56;10840,37;639,19
SHP0111;Standard Entry;108883,62;0;0;0;0
SHP0112;IP Relief;171229,13;0;0;0;0
SHP0113;FTA Relief;67602,28;0;0;0;0
SHP0114;Standard Entry;168671,8;0;0;0;0
SHP0115;Standard Entry;104083,61;9;9367,52;0;9367,52
SHP0116;End Use Relief;111994,39;12;13439,33;7217,62;6221,71
SHP0117;IP Relief;46192,51;12;5543,1;3761,93;1781,17
SHP0118;Standard Entry;40878,83;4,5;1839,55;0;1839,55
SHP0119;Standard Entry;231417,79;12;27770,13;0;27770,13
SHP0120;Standard Entry;18762,17;9;1688,6;0;1688,6
SHP0121;IP Relief;150549,56;4,5;6774,73;4299,03;2475,7
SHP0122;End Use Relief;203686,87;9;18331,82;14538,64;3793,18
SHP0123;End Use Relief;96348,74;9;8671,39;5194,27;3477,12
SHP0124;IP Relief;66738,97;0;0;0;0
SHP0125;IP Relief;178664,33;0;0;0;0
SHP0126;IP Relief;238036,48;0;0;0;0
SHP0127;Standard Entry;185967,78;4,5;8368,55;0;8368,55
SHP0128;FTA Relief;112229,98;12;13467,6;11087,3;2380,3
SHP0129;End Use Relief;52533,96;12;6304,08;4648,68;1655,4
SHP0130;FTA Relief;66250,79;5,5;3643,79;3251,55;392,24
SHP0131;Standard Entry;41100,42;4,5;1849,52;0;1849,52
SHP0132;Standard Entry;99610,7;5,5;5478,59;0;5478,59
SHP0133;Standard Entry;14384,28;12;1726,11;0;1726,11
SHP0134;Standard Entry;41632,31;0;0;0;0
SHP0135;FTA Relief;32160,18;0;0;0;0
SHP0136;Temporary Admission;107059,06;4,5;4817,66;4494,27;323,39
SHP0137;End Use Relief;120183,09;0;0;0;0
SHP0138;FTA Relief;147566,31;4,5;6640,48;6155,75;484,73
SHP0139;Standard Entry;49658,11;12;5958,97;0;5958,97
SHP0140;FTA Relief;102564,89;0;0;0;0
SHP0141;Standard Entry;200838,89;12;24100,67;0;24100,67
SHP0142;Standard Entry;201281,28;9;18115,32;0;18115,32
SHP0143;IP Relief;166925,21;0;0;0;0
SHP0144;IP Relief;245106,68;0;0;0;0
SHP0145;FTA Relief;35926,36;0;0;0;0
SHP0146;Standard Entry;191955,7;12;23034,68;0;23034,68
SHP0147;Standard Entry;131847,59;12;15821,71;0;15821,71
SHP0148;Standard Entry;213942,44;4,5;9627,41;0;9627,41
SHP0149;IP Relief;76138,76;0;0;0;0
SHP0150;FTA Relief;93419,65;12;11210,36;9771,88;1438,48
SHP0151;Temporary Admission;105311,21;4,5;4739;4336,09;402,91
SHP0152;FTA Relief;241734,83;4,5;10878,07;9026,46;1851,61
SHP0153;IP Relief;224256,85;12;26910,82;21423,08;5487,74
SHP0154;End Use Relief;235693,71;1,7;4006,79;2219,63;1787,16
SHP0155;End Use Relief;145173,61;0;0;0;0
SHP0156;FTA Relief;22878,39;9;2059,06;1478,35;580,71
SHP0157;FTA Relief;247065,73;1,7;4200,12;3375,26;824,86
SHP0158;FTA Relief;65740,13;4,5;2958,31;2156,74;801,57
SHP0159;IP Relief;191964,74;12;23035,77;15535,16;7500,61
SHP0160;End Use Relief;91459,3;5,5;5030,26;2604,11;2426,15
SHP0161;Standard Entry;94615,52;12;11353,86;0;11353,86
SHP0162;FTA Relief;99655,46;0;0;0;0
SHP0163;IP Relief;40345,5;5,5;2219;1577,4;641,6
SHP0164;IP Relief;153533,83;0;0;0;0
SHP0165;IP Relief;129879,95;0;0;0;0
SHP0166;End Use Relief;121274,6;5,5;6670,1;5592,71;1077,39
SHP0167;Standard Entry;206307,02;0;0;0;0
SHP0168;IP Relief;54953,46;9;4945,81;3341,57;1604,24
SHP0169;Standard Entry;239387,95;4,5;10772,46;0;10772,46
SHP0170;Temporary Admission;78132,29;1,7;1328,25;1312,71;15,54
SHP0171;End Use Relief;170772,45;4,5;7684,76;4863,63;2821,13
SHP0172;Standard Entry;122374,42;0;0;0;0
SHP0173;Standard Entry;169109,32;12;20293,12;0;20293,12
SHP0174;Temporary Admission;241307,1;0;0;0;0
SHP0175;IP Relief;26917,88;0;0;0;0
SHP0176;Temporary Admission;7270,46;0;0;0;0
SHP0177;Temporary Admission;203159,4;0;0;0;0
SHP0178;IP Relief;214755,89;0;0;0;0
SHP0179;FTA Relief;68892,39;12;8267,09;6371,09;1896
SHP0180;IP Relief;168607,6;0;0;0;0
SHP0181;IP Relief;122154,57;0;0;0;0
SHP0182;Standard Entry;189911,19;0;0;0;0
SHP0183;End Use Relief;54528,41;0;0;0;0
SHP0184;End Use Relief;203129,56;0;0;0;0
SHP0185;IP Relief;5738,79;0;0;0;0
SHP0186;Standard Entry;105172,4;0;0;0;0
SHP0187;Standard Entry;165115,85;5,5;9081,37;0;9081,37
SHP0188;Standard Entry;118435,96;12;14212,32;0;14212,32
SHP0189;FTA Relief;203322,15;4,5;9149,5;7555,4;1594,1
SHP0190;Temporary Admission;186432,56;0;0;0;0
SHP0191;FTA Relief;78932,29;4,5;3551,95;2639,02;912,93
SHP0192;Standard Entry;126427,09;1,7;2149,26;0;2149,26
SHP0193;FTA Relief;136792,42;5,5;7523,58;5810,39;1713,19
SHP0194;Temporary Admission;64500,34;5,5;3547,52;2982,28;565,24
SHP0195;IP Relief;22832,16;0;0;0;0
SHP0196;FTA Relief;175428,44;12;21051,41;19180,58;1870,83
SHP0197;Temporary Admission;69082,6;5,5;3799,54;3429,33;370,21
SHP0198;FTA Relief;142818,56;0;0;0;0
SHP0199;Temporary Admission;61354,56;0;0;0;0
SHP0200;Standard Entry;199769;0;0;0;0
SHP0201;Standard Entry;168712,81;0;0;0;0
SHP0202;FTA Relief;156369,63;0;0;0;0
SHP0203;Standard Entry;244482,44;5,5;13446,53;0;13446,53
SHP0204;FTA Relief;204727,53;0;0;0;0
SHP0205;Standard Entry;247960,3;12;29755,24;0;29755,24
SHP0206;Standard Entry;127465,31;9;11471,88;0;11471,88
SHP0207;FTA Relief;16407,68;12;1968,92;1422,16;546,76
SHP0208;FTA Relief;78322,84;0;0;0;0
SHP0209;Standard Entry;28933,02;0;0;0;0
SHP0210;Temporary Admission;248183,54;1,7;4219,12;3789,28;429,84
SHP0211;Temporary Admission;65380,2;0;0;0;0
SHP0212;IP Relief;113960,29;4,5;5128,21;3930,63;1197,58
SHP0213;End Use Relief;26956,62;0;0;0;0
SHP0214;Standard Entry;172902,42;0;0;0;0
SHP0215;Standard Entry;78439,3;12;9412,72;0;9412,72
SHP0216;End Use Relief;79641,21;1,7;1353,9;1126,56;227,34
SHP0217;Standard Entry;152786,76;5,5;8403,27;0;8403,27
SHP0218;Standard Entry;196583,72;4,5;8846,27;0;8846,27
SHP0219;End Use Relief;172019,6;0;0;0;0
SHP0220;Temporary Admission;79194;12;9503,28;8082,88;1420,4
SHP0221;End Use Relief;174468,67;9;15702,18;10838,84;4863,34
SHP0222;Standard Entry;245984,01;0;0;0;0
SHP0223;FTA Relief;147226,98;4,5;6625,21;5780,96;844,25
SHP0224;End Use Relief;30614,59;0;0;0;0
SHP0225;FTA Relief;28917,64;9;2602,59;2385,53;217,06
SHP0226;IP Relief;64758,67;0;0;0;0
SHP0227;Temporary Admission;166040,44;0;0;0;0
SHP0228;FTA Relief;29929,25;0;0;0;0
SHP0229;Standard Entry;100216,62;4,5;4509,75;0;4509,75
SHP0230;FTA Relief;149591,25;1,7;2543,05;2292,9;250,15
SHP0231;Standard Entry;151124,33;4,5;6800,59;0;6800,59
SHP0232;Standard Entry;39372,65;0;0;0;0
SHP0233;Temporary Admission;128832,31;0;0;0;0
SHP0234;Standard Entry;60086,64;1,7;1021,47;0;1021,47
SHP0235;End Use Relief;138061,01;0;0;0;0
SHP0236;Standard Entry;69389,73;0;0;0;0
SHP0237;IP Relief;155957,04;0;0;0;0
SHP0238;End Use Relief;145320,22;1,7;2470,44;2058,71;411,73
SHP0239;FTA Relief;65650,91;0;0;0;0
SHP0240;Temporary Admission;199676,66;0;0;0;0
SHP0241;End Use Relief;243176,82;4,5;10942,96;7902,94;3040,02
SHP0242;FTA Relief;74480,3;12;8937,64;7723,85;1213,79
SHP0243;Standard Entry;232711,05;0;0;0;0
SHP0244;FTA Relief;233517,76;0;0;0;0
SHP0245;Temporary Admission;165593,88;0;0;0;0
SHP0246;End Use Relief;175421,29;12;21050,55;16545,48;4505,07
SHP0247;Standard Entry;220842,3;0;0;0;0
SHP0248;Standard Entry;91040,99;1,7;1547,7;0;1547,7
SHP0249;FTA Relief;35173,52;12;4220,82;3878,95;341,87
SHP0250;Standard Entry;235613,42;0;0;0;0
SHP0251;Standard Entry;224988,58;12;26998,63;0;26998,63
SHP0252;End Use Relief;233811,48;0;0;0;0
SHP0253;Standard Entry;69235,39;0;0;0;0
SHP0254;Temporary Admission;161931,64;0;0;0;0
SHP0255;FTA Relief;148677,1;0;0;0;0
SHP0256;Temporary Admission;168189,5;0;0;0;0
SHP0257;Temporary Admission;36098;12;4331,76;4142,14;189,62
SHP0258;End Use Relief;116523,46;4,5;5243,56;3282,7;1960,86
SHP0259;Standard Entry;186491,09;0;0;0;0
SHP0260;Temporary Admission;201763,29;4,5;9079,35;8560,05;519,3
SHP0261;Standard Entry;169964,8;4,5;7648,42;0;7648,42
SHP0262;Temporary Admission;26164,45;0;0;0;0
SHP0263;End Use Relief;243105,15;0;0;0;0
SHP0264;FTA Relief;5358,2;0;0;0;0
SHP0265;Standard Entry;15755,57;9;1418;0;1418
SHP0266;Standard Entry;150014,46;1,7;2550,25;0;2550,25
SHP0267;IP Relief;115925,67;12;13911,08;8092,96;5818,12
SHP0268;Temporary Admission;136301,51;12;16356,18;16240,49;115,69
SHP0269;FTA Relief;209801,56;0;0;0;0
SHP0270;IP Relief;214377,32;0;0;0;0
SHP0271;Standard Entry;53542,59;0;0;0;0
SHP0272;Standard Entry;113640,67;0;0;0;0
SHP0273;FTA Relief;12223,16;0;0;0;0
SHP0274;FTA Relief;77300,76;9;6957,07;5729,83;1227,24
SHP0275;FTA Relief;248551,38;5,5;13670,33;11798,82;1871,51
SHP0276;End Use Relief;49054,89;4,5;2207,47;1350,1;857,37
SHP0277;IP Relief;65724,98;0;0;0;0
SHP0278;FTA Relief;11910,61;12;1429,27;1300,88;128,39
SHP0279;Temporary Admission;152407,38;12;18288,89;14704;3584,89
SHP0280;Standard Entry;10368,66;4,5;466,59;0;466,59
SHP0281;Standard Entry;78932,46;0;0;0;0
SHP0282;Standard Entry;149292,79;12;17915,13;0;17915,13
SHP0283;Standard Entry;248599,37;0;0;0;0
SHP0284;Standard Entry;86136,26;12;10336,35;0;10336,35
SHP0285;Standard Entry;7791,93;12;935,03;0;935,03
SHP0286;Standard Entry;107815,04;0;0;0;0
SHP0287;Standard Entry;115565,42;5,5;6356,1;0;6356,1
SHP0288;IP Relief;23375,59;0;0;0;0
SHP0289;Standard Entry;18121,16;5,5;996,66;0;996,66
SHP0290;Standard Entry;63199,33;0;0;0;0
SHP0291;Standard Entry;77164,61;12;9259,75;0;9259,75
SHP0292;IP Relief;197294,76;0;0;0;0
SHP0293;Temporary Admission;69507,51;0;0;0;0
SHP0294;Standard Entry;242822,86;0;0;0;0
SHP0295;End Use Relief;78218,77;5,5;4302,03;2745,48;1556,55
SHP0296;End Use Relief;237520,06;0;0;0;0
SHP0297;Temporary Admission;150786,68;0;0;0;0
SHP0298;IP Relief;176600,97;4,5;7947,04;5607,84;2339,2
SHP0299;End Use Relief;75092,75;1,7;1276,58;877,61;398,97
SHP0300;End Use Relief;103728,62;1,7;1763,39;1263,27;500,12
SHP0301;Standard Entry;87777,19;0;0;0;0
SHP0302;FTA Relief;207326,72;12;24879,21;19426,33;5452,88
SHP0303;Temporary Admission;18770,43;0;0;0;0
SHP0304;End Use Relief;54178,06;0;0;0;0
SHP0305;IP Relief;12487,98;4,5;561,96;354,24;207,72
SHP0306;FTA Relief;11725,37;4,5;527,64;377,21;150,43
SHP0307;Standard Entry;163606,03;0;0;0;0
SHP0308;Standard Entry;213638,61;0;0;0;0
SHP0309;End Use Relief;130320,86;12;15638,5;11444,64;4193,86
SHP0310;Standard Entry;161945,71;0;0;0;0
SHP0311;FTA Relief;83298,51;0;0;0;0
SHP0312;Standard Entry;183004,72;5,5;10065,26;0;10065,26
SHP0313;FTA Relief;28912,75;12;3469,53;2561,84;907,69
SHP0314;IP Relief;222276,67;12;26673,2;16806,49;9866,71
SHP0315;End Use Relief;34354,9;1,7;584,03;431,16;152,87
SHP0316;Temporary Admission;216286,52;4,5;9732,89;8137,39;1595,5
SHP0317;Temporary Admission;192298,52;0;0;0;0
SHP0318;Temporary Admission;135776,74;5,5;7467,72;7065,45;402,27
SHP0319;Standard Entry;36588,05;0;0;0;0
SHP0320;Standard Entry;132470,66;12;15896,48;0;15896,48
SHP0321;FTA Relief;59958,73;0;0;0;0
SHP0322;Standard Entry;219753,31;4,5;9888,9;0;9888,9
SHP0323;Standard Entry;33368,51;0;0;0;0
SHP0324;FTA Relief;108113,51;0;0;0;0
SHP0325;Standard Entry;197266,22;0;0;0;0
SHP0326;End Use Relief;44291,53;12;5314,98;3677,16;1637,82
SHP0327;Standard Entry;237614,27;0;0;0;0
SHP0328;Temporary Admission;14663,91;4,5;659,88;566,25;93,63
SHP0329;FTA Relief;92594,21;0;0;0;0
SHP0330;Temporary Admission;213414,54;5,5;11737,8;11268,05;469,75
SHP0331;Temporary Admission;154774,17;0;0;0;0
SHP0332;Standard Entry;177619,2;9;15985,73;0;15985,73
SHP0333;Temporary Admission;167609,11;0;0;0;0
SHP0334;Temporary Admission;189100,35;0;0;0;0
SHP0335;Temporary Admission;117478,18;0;0;0;0
SHP0336;Standard Entry;106022,94;9;9542,06;0;9542,06
SHP0337;End Use Relief;94018,91;0;0;0;0
SHP0338;Temporary Admission;28872,07;1,7;490,83;457,35;33,48
SHP0339;Standard Entry;39410,05;4,5;1773,45;0;1773,45
SHP0340;Temporary Admission;87793,72;0;0;0;0
SHP0341;FTA Relief;16900,04;0;0;0;0
SHP0342;Temporary Admission;220940,69;0;0;0;0
SHP0343;FTA Relief;211553,24;0;0;0;0
SHP0344;IP Relief;164271,17;0;0;0;0
SHP0345;Standard Entry;219981,92;1,7;3739,69;0;3739,69
SHP0346;Standard Entry;188795,33;12;22655,44;0;22655,44
SHP0347;IP Relief;92877,2;0;0;0;0
SHP0348;Standard Entry;239391,98;0;0;0;0
SHP0349;End Use Relief;149154,41;12;17898,53;13575,27;4323,26
SHP0350;FTA Relief;109984,41;12;13198,13;11442,51;1755,62
SHP0351;Standard Entry;151235,68;9;13611,21;0;13611,21
SHP0352;Standard Entry;132548,54;0;0;0;0
SHP0353;FTA Relief;93395,47;4,5;4202,8;3217,38;985,42
SHP0354;FTA Relief;221986,74;9;19978,81;16270,98;3707,83
SHP0355;End Use Relief;77626,32;0;0;0;0
SHP0356;Standard Entry;159231,05;0;0;0;0
SHP0357;Standard Entry;180632,73;0;0;0;0
SHP0358;Standard Entry;104870,03;0;0;0;0
SHP0359;Standard Entry;187758;0;0;0;0
SHP0360;Standard Entry;192492,19;0;0;0;0
SHP0361;FTA Relief;200383,73;0;0;0;0
SHP0362;Standard Entry;139143,74;12;16697,25;0;16697,25
SHP0363;Standard Entry;59093,05;0;0;0;0
SHP0364;Standard Entry;76209,9;12;9145,19;0;9145,19
SHP0365;IP Relief;74858,6;9;6737,27;3533,25;3204,02
SHP0366;IP Relief;143881,16;0;0;0;0
SHP0367;Standard Entry;93074,07;0;0;0;0
SHP0368;End Use Relief;73750,91;9;6637,58;5238,75;1398,83
SHP0369;Standard Entry;149558,9;0;0;0;0
SHP0370;FTA Relief;149452,18;0;0;0;0
SHP0371;End Use Relief;241180,07;4,5;10853,1;9156,2;1696,9
SHP0372;End Use Relief;184341,1;1,7;3133,8;2597,02;536,78
SHP0373;FTA Relief;227392,89;4,5;10232,68;8271,85;1960,83
SHP0374;Standard Entry;138365,77;0;0;0;0
SHP0375;IP Relief;91460,01;0;0;0;0
SHP0376;FTA Relief;73798,33;9;6641,85;4948,66;1693,19
SHP0377;IP Relief;56622,47;5,5;3114,24;1732,88;1381,36
SHP0378;FTA Relief;223245,43;1,7;3795,17;2823,83;971,34
SHP0379;Standard Entry;58065,39;1,7;987,11;0;987,11
SHP0380;FTA Relief;166613,94;1,7;2832,44;2207,48;624,96
SHP0381;Temporary Admission;133064,28;5,5;7318,54;7185,84;132,7
SHP0382;End Use Relief;189333,87;0;0;0;0
SHP0383;Temporary Admission;61224,13;0;0;0;0
SHP0384;IP Relief;25535,31;12;3064,24;2173,78;890,46
SHP0385;End Use Relief;55327,58;1,7;940,57;735,06;205,51
SHP0386;IP Relief;72512,33;4,5;3263,05;2408,82;854,23
SHP0387;End Use Relief;146524,53;4,5;6593,6;5083,46;1510,14
SHP0388;FTA Relief;139891,17;0;0;0;0
SHP0389;FTA Relief;20699,71;12;2483,97;1904,04;579,93
SHP0390;End Use Relief;205956,04;0;0;0;0
SHP0391;End Use Relief;46523,31;0;0;0;0
SHP0392;Standard Entry;8764,8;4,5;394,42;0;394,42
SHP0393;End Use Relief;153559,03;0;0;0;0
SHP0394;Standard Entry;88291,64;0;0;0;0
SHP0395;Standard Entry;64601,95;4,5;2907,09;0;2907,09
SHP0396;Standard Entry;198220,72;9;17839,86;0;17839,86
SHP0397;Standard Entry;75385,95;0;0;0;0
SHP0398;IP Relief;237043,94;4,5;10666,98;7883,83;2783,15
SHP0399;IP Relief;66175,38;12;7941,05;5689,83;2251,22
SHP0400;Standard Entry;157063,53;1,7;2670,08;0;2670,08
SHP0401;Temporary Admission;133805,18;4,5;6021,23;5326,59;694,64
SHP0402;Standard Entry;173856,58;9;15647,09;0;15647,09
SHP0403;End Use Relief;63099,09;4,5;2839,46;1888,16;951,3
SHP0404;Standard Entry;115428,6;5,5;6348,57;0;6348,57
SHP0405;FTA Relief;40731,72;0;0;0;0
SHP0406;Standard Entry;124221,95;12;14906,63;0;14906,63
SHP0407;FTA Relief;210548,07;0;0;0;0
SHP0408;IP Relief;91017,17;0;0;0;0
SHP0409;IP Relief;185448,91;4,5;8345,2;6771,06;1574,14
SHP0410;FTA Relief;155015,98;12;18601,92;15280,21;3321,71
SHP0411;Standard Entry;162937,85;4,5;7332,2;0;7332,2
SHP0412;FTA Relief;62483,66;5,5;3436,6;2665,06;771,54
SHP0413;Temporary Admission;102268,07;0;0;0;0
SHP0414;Temporary Admission;74622,94;0;0;0;0
SHP0415;IP Relief;139393,59;12;16727,23;9154,65;7572,58
SHP0416;End Use Relief;137218,69;5,5;7547,03;5899,12;1647,91
SHP0417;Standard Entry;75256,75;4,5;3386,55;0;3386,55
SHP0418;IP Relief;96542,75;0;0;0;0
SHP0419;Temporary Admission;158204,14;12;18984,5;17149,12;1835,38
SHP0420;Standard Entry;161038,71;12;19324,65;0;19324,65
SHP0421;FTA Relief;243221,49;0;0;0;0
SHP0422;Temporary Admission;197502,71;0;0;0;0
SHP0423;IP Relief;49492,92;0;0;0;0
SHP0424;Temporary Admission;117904,49;5,5;6484,75;6187,74;297,01
SHP0425;Standard Entry;34924,67;0;0;0;0
SHP0426;FTA Relief;46003,29;0;0;0;0
SHP0427;Standard Entry;193845,27;0;0;0;0
SHP0428;Standard Entry;42710,02;4,5;1921,95;0;1921,95
SHP0429;Standard Entry;52276,5;0;0;0;0
SHP0430;Temporary Admission;125072,54;0;0;0;0
SHP0431;End Use Relief;115099,13;0;0;0;0
SHP0432;Standard Entry;181645,87;0;0;0;0
SHP0433;End Use Relief;83895,89;12;10067,51;5372,93;4694,58
SHP0434;Standard Entry;144897,98;12;17387,76;0;17387,76
SHP0435;Standard Entry;232901,7;4,5;10480,58;0;10480,58
SHP0436;End Use Relief;156148,66;4,5;7026,69;4814,39;2212,3
SHP0437;Standard Entry;52314,26;0;0;0;0
SHP0438;Standard Entry;167984,38;5,5;9239,14;0;9239,14
SHP0439;Standard Entry;226108,82;4,5;10174,9;0;10174,9
SHP0440;FTA Relief;192598,51;1,7;3274,17;3201,63;72,54
SHP0441;Standard Entry;38096;0;0;0;0
SHP0442;Standard Entry;144813,71;0;0;0;0
SHP0443;IP Relief;67779,74;12;8133,57;4921,67;3211,9
SHP0444;Temporary Admission;162352,38;0;0;0;0
SHP0445;Standard Entry;195467,56;5,5;10750,72;0;10750,72
SHP0446;End Use Relief;59095,31;0;0;0;0
SHP0447;Temporary Admission;87361,2;12;10483,34;9384,38;1098,96
SHP0448;Temporary Admission;142027,56;0;0;0;0
SHP0449;IP Relief;169578,15;0;0;0;0
SHP0450;IP Relief;40725,53;0;0;0;0
SHP0451;Standard Entry;208948,97;0;0;0;0
SHP0452;Standard Entry;54931,33;9;4943,82;0;4943,82
SHP0453;Standard Entry;226979,87;0;0;0;0
SHP0454;Standard Entry;165415,68;0;0;0;0
SHP0455;Standard Entry;245049,25;12;29405,91;0;29405,91
SHP0456;FTA Relief;10264,67;12;1231,76;953,65;278,11
SHP0457;IP Relief;79069,92;0;0;0;0
SHP0458;IP Relief;165948,28;0;0;0;0
SHP0459;FTA Relief;137847,27;1,7;2343,4;1785,73;557,67
SHP0460;Standard Entry;248943,02;4,5;11202,44;0;11202,44
SHP0461;Standard Entry;220511,34;0;0;0;0
SHP0462;Standard Entry;37228,74;0;0;0;0
SHP0463;FTA Relief;11390,7;1,7;193,64;140,16;53,48
SHP0464;Temporary Admission;52348,66;12;6281,84;5065,96;1215,88
SHP0465;FTA Relief;156179,54;0;0;0;0
SHP0466;Standard Entry;154818,69;1,7;2631,92;0;2631,92
SHP0467;FTA Relief;14616,65;0;0;0;0
SHP0468;IP Relief;155217,9;0;0;0;0
SHP0469;FTA Relief;84247,93;0;0;0;0
SHP0470;Standard Entry;184649,27;4,5;8309,22;0;8309,22
SHP0471;Temporary Admission;139834,74;0;0;0;0
SHP0472;Standard Entry;183889,63;12;22066,76;0;22066,76
SHP0473;End Use Relief;214575,71;0;0;0;0
SHP0474;Temporary Admission;152298,06;0;0;0;0
SHP0475;Standard Entry;214188,18;12;25702,58;0;25702,58
SHP0476;FTA Relief;241741,85;12;29009,02;26827,55;2181,47
SHP0477;Temporary Admission;139865,42;0;0;0;0
SHP0478;FTA Relief;144984,93;0;0;0;0
SHP0479;IP Relief;155501,05;12;18660,13;12572,06;6088,07
SHP0480;Standard Entry;200199,48;12;24023,94;0;24023,94
SHP0481;End Use Relief;54290,85;4,5;2443,09;1462,36;980,73
SHP0482;Standard Entry;102032,08;0;0;0;0
SHP0483;Standard Entry;38259,7;0;0;0;0
SHP0484;Standard Entry;182616,22;0;0;0;0
SHP0485;IP Relief;210981,09;0;0;0;0
SHP0486;End Use Relief;12748,91;12;1529,87;986,54;543,33
SHP0487;End Use Relief;197311,28;12;23677,35;18284,28;5393,07
SHP0488;End Use Relief;184448,06;0;0;0;0
SHP0489;Standard Entry;216878,5;12;26025,42;0;26025,42
SHP0490;Standard Entry;132541,54;12;15904,98;0;15904,98
SHP0491;FTA Relief;83191,7;4,5;3743,63;3115,95;627,68
SHP0492;End Use Relief;137919,53;0;0;0;0
SHP0493;IP Relief;17427,92;0;0;0;0
SHP0494;FTA Relief;92127,96;5,5;5067,04;4052,11;1014,93
SHP0495;Standard Entry;172697,1;0;0;0;0
SHP0496;IP Relief;215893,94;4,5;9715,23;5961,91;3753,32
SHP0497;Temporary Admission;145796,17;9;13121,66;11830,36;1291,3
SHP0498;IP Relief;106293,27;0;0;0;0
SHP0499;Standard Entry;197895,06;12;23747,41;0;23747,41
SHP0500;End Use Relief;28925,21;0;0;0;0
SHP0501;Temporary Admission;58314,88;0;0;0;0
SHP0502;End Use Relief;171971,61;5,5;9458,44;5777,3;3681,14
SHP0503;End Use Relief;95459,61;1,7;1622,81;1123,16;499,65
SHP0504;Standard Entry;82941,19;12;9952,94;0;9952,94
SHP0505;FTA Relief;99225,79;0;0;0;0
SHP0506;Standard Entry;112000,1;0;0;0;0
SHP0507;Standard Entry;129806,65;0;0;0;0
SHP0508;Standard Entry;127923,56;1,7;2174,7;0;2174,7
SHP0509;Temporary Admission;122975,56;1,7;2090,58;1961,17;129,41
SHP0510;End Use Relief;186713,1;0;0;0;0
SHP0511;IP Relief;130602,46;0;0;0;0
SHP0512;Standard Entry;197330,28;0;0;0;0
SHP0513;Standard Entry;123766,25;0;0;0;0
SHP0514;IP Relief;186650,15;1,7;3173,05;2257,11;915,94
SHP0515;FTA Relief;246097,56;9;22148,78;21931,8;216,98
SHP0516;Standard Entry;162353,97;0;0;0;0
SHP0517;Temporary Admission;177873,91;4,5;8004,33;7163,22;841,11
SHP0518;Standard Entry;229839,47;5,5;12641,17;0;12641,17
SHP0519;Standard Entry;194422;4,5;8748,99;0;8748,99
SHP0520;End Use Relief;21648,23;4,5;974,17;627,3;346,87
SHP0521;FTA Relief;234933,84;4,5;10572,02;9482,91;1089,11
SHP0522;Temporary Admission;175435,14;12;21052,22;17908,43;3143,79
SHP0523;Standard Entry;23129,28;0;0;0;0
SHP0524;IP Relief;244958,39;12;29395,01;16762,04;12632,97
SHP0525;Temporary Admission;180273,08;0;0;0;0
SHP0526;Temporary Admission;167828,43;0;0;0;0
SHP0527;Temporary Admission;60332,48;9;5429,92;4761,41;668,51
SHP0528;IP Relief;135983,44;0;0;0;0
SHP0529;Temporary Admission;100575,66;0;0;0;0
SHP0530;Standard Entry;100248,05;12;12029,77;0;12029,77
SHP0531;Standard Entry;33955,84;4,5;1528,01;0;1528,01
SHP0532;Standard Entry;227258,83;0;0;0;0
SHP0533;IP Relief;149805,41;0;0;0;0
SHP0534;Standard Entry;209794,51;12;25175,34;0;25175,34
SHP0535;FTA Relief;20489,36;4,5;922,02;721,17;200,85
SHP0536;End Use Relief;212604,84;12;25512,58;18225,03;7287,55
SHP0537;Standard Entry;174908,36;12;20989;0;20989
SHP0538;Temporary Admission;174460,02;0;0;0;0
SHP0539;End Use Relief;244313,91;0;0;0;0
SHP0540;FTA Relief;48199,34;0;0;0;0
SHP0541;IP Relief;30583,17;4,5;1376,24;713,39;662,85
SHP0542;FTA Relief;53694,09;0;0;0;0
SHP0543;Standard Entry;223384,46;12;26806,14;0;26806,14
SHP0544;FTA Relief;96503,85;12;11580,46;9696,57;1883,89
SHP0545;Standard Entry;32221,77;0;0;0;0
SHP0546;IP Relief;242683,28;12;29121,99;23275,79;5846,2
SHP0547;Temporary Admission;109887,04;1,7;1868,08;1820,48;47,6
SHP0548;End Use Relief;247862,01;12;29743,44;22507,36;7236,08
SHP0549;Temporary Admission;8043,63;9;723,93;685,1;38,83
SHP0550;Temporary Admission;117524,3;0;0;0;0
SHP0551;IP Relief;158689,73;12;19042,77;12086,59;6956,18
SHP0552;End Use Relief;172742,97;0;0;0;0
SHP0553;IP Relief;94776,08;5,5;5212,68;3788,89;1423,79
SHP0554;Standard Entry;187529,1;0;0;0;0
SHP0555;Standard Entry;124125,59;4,5;5585,65;0;5585,65
SHP0556;IP Relief;223516,29;1,7;3799,78;2508,83;1290,95
SHP0557;IP Relief;41872,03;12;5024,64;2871,53;2153,11
SHP0558;Temporary Admission;51319,86;4,5;2309,39;1857,69;451,7
SHP0559;Standard Entry;139374,83;0;0;0;0
SHP0560;IP Relief;193588,69;12;23230,64;12000,06;11230,58
SHP0561;End Use Relief;178487,23;0;0;0;0
SHP0562;FTA Relief;55263,06;1,7;939,47;856,93;82,54
SHP0563;End Use Relief;233111,88;12;27973,43;21511,05;6462,38
SHP0564;IP Relief;242553,36;0;0;0;0
SHP0565;Temporary Admission;80480,14;0;0;0;0
SHP0566;Standard Entry;196414,42;1,7;3339,05;0;3339,05
SHP0567;Standard Entry;125164,01;0;0;0;0
SHP0568;Temporary Admission;91081,98;4,5;4098,69;4080,27;18,42
SHP0569;FTA Relief;209700,33;4,5;9436,51;8298,28;1138,23
SHP0570;Standard Entry;6621,62;4,5;297,97;0;297,97
SHP0571;FTA Relief;140697,4;0;0;0;0
SHP0572;Standard Entry;239226,52;12;28707,18;0;28707,18
SHP0573;Standard Entry;192356;0;0;0;0
SHP0574;Temporary Admission;205478,79;1,7;3493,14;3055,24;437,9
SHP0575;Temporary Admission;17957,64;4,5;808,09;704,84;103,25
SHP0576;FTA Relief;189393,98;0;0;0;0
SHP0577;IP Relief;73947,35;1,7;1257,1;971,21;285,89
SHP0578;FTA Relief;173964,94;0;0;0;0
SHP0579;Standard Entry;93829,3;0;0;0;0
SHP0580;Standard Entry;175089,84;0;0;0;0
SHP0581;Standard Entry;123642,45;5,5;6800,33;0;6800,33
SHP0582;Standard Entry;21230,6;1,7;360,92;0;360,92
SHP0583;FTA Relief;27240,93;0;0;0;0
SHP0584;Standard Entry;21742,57;0;0;0;0
SHP0585;End Use Relief;230516,91;0;0;0;0
SHP0586;IP Relief;60750,78;12;7290,09;3932,97;3357,12
SHP0587;IP Relief;14949,1;9;1345,42;827,22;518,2
SHP0588;Temporary Admission;246315,77;0;0;0;0
SHP0589;Standard Entry;170747,07;0;0;0;0
SHP0590;Standard Entry;87964,75;0;0;0;0
SHP0591;Standard Entry;121577,44;4,5;5470,98;0;5470,98
SHP0592;Standard Entry;158950,9;0;0;0;0
SHP0593;Standard Entry;171405,07;9;15426,46;0;15426,46
SHP0594;End Use Relief;76922,92;0;0;0;0
SHP0595;Standard Entry;82067;0;0;0;0
SHP0596;Standard Entry;110516,87;0;0;0;0
SHP0597;End Use Relief;142752,58;0;0;0;0
SHP0598;Standard Entry;11896,01;1,7;202,23;0;202,23
SHP0599;Standard Entry;89560,04;0;0;0;0
SHP0600;FTA Relief;21047,56;12;2525,71;1999,03;526,68
SHP0601;Standard Entry;70321,63;9;6328,95;0;6328,95
SHP0602;IP Relief;174261,67;5,5;9584,39;5482,92;4101,47
SHP0603;Temporary Admission;213331,9;4,5;9599,94;8090,98;1508,96
SHP0604;Standard Entry;87525,32;1,7;1487,93;0;1487,93
SHP0605;Standard Entry;78477,71;4,5;3531,5;0;3531,5
SHP0606;Temporary Admission;220819,66;0;0;0;0
SHP0607;Standard Entry;54158,77;4,5;2437,14;0;2437,14
SHP0608;Temporary Admission;54871,72;12;6584,61;5810,84;773,77
SHP0609;Standard Entry;200275,97;12;24033,12;0;24033,12
SHP0610;Standard Entry;12139,76;0;0;0;0
SHP0611;Standard Entry;78004,9;0;0;0;0
SHP0612;Standard Entry;132879,6;12;15945,55;0;15945,55
SHP0613;IP Relief;188351,69;0;0;0;0
SHP0614;Temporary Admission;135700,14;4,5;6106,51;5739,65;366,86
SHP0615;FTA Relief;80501,99;4,5;3622,59;3237,22;385,37
SHP0616;Standard Entry;217403,47;4,5;9783,16;0;9783,16
SHP0617;FTA Relief;159681,41;0;0;0;0
SHP0618;Standard Entry;29596,91;9;2663,72;0;2663,72
SHP0619;Standard Entry;175326,47;1,7;2980,55;0;2980,55
SHP0620;Standard Entry;43666,5;12;5239,98;0;5239,98
SHP0621;Standard Entry;150290;12;18034,8;0;18034,8
SHP0622;Temporary Admission;237286,76;12;28474,41;28036,54;437,87
SHP0623;Temporary Admission;26820,01;0;0;0;0
SHP0624;Standard Entry;54770,61;12;6572,47;0;6572,47
SHP0625;FTA Relief;170911,22;12;20509,35;16930,45;3578,9
SHP0626;Temporary Admission;7528,46;1,7;127,98;105,79;22,19
SHP0627;End Use Relief;19394,32;0;0;0;0
SHP0628;Standard Entry;156816,18;0;0;0;0
SHP0629;FTA Relief;232930,1;1,7;3959,81;3814,76;145,05
SHP0630;Standard Entry;218561,49;4,5;9835,27;0;9835,27
SHP0631;IP Relief;82308,02;12;9876,96;8376,63;1500,33
SHP0632;FTA Relief;45070,96;0;0;0;0
SHP0633;Temporary Admission;90653,05;9;8158,77;6859,46;1299,31
SHP0634;Standard Entry;192877,67;1,7;3278,92;0;3278,92
SHP0635;Standard Entry;245426,95;0;0;0;0
SHP0636;Standard Entry;158947,4;12;19073,69;0;19073,69
SHP0637;IP Relief;16927,15;9;1523,44;1104,91;418,53
SHP0638;Temporary Admission;217051,3;0;0;0;0
SHP0639;IP Relief;202556,53;0;0;0;0
SHP0640;Temporary Admission;152083,48;9;13687,51;11196,99;2490,52
SHP0641;Standard Entry;59936,4;0;0;0;0
SHP0642;Temporary Admission;41408,6;9;3726,77;3076,66;650,11
SHP0643;End Use Relief;130109,64;0;0;0;0
SHP0644;End Use Relief;197613,39;0;0;0;0
SHP0645;Temporary Admission;241846,31;0;0;0;0
SHP0646;Standard Entry;6432,53;4,5;289,46;0;289,46
SHP0647;Standard Entry;156532,35;12;18783,88;0;18783,88
SHP0648;FTA Relief;242777,49;0;0;0;0
SHP0649;Standard Entry;108360,41;12;13003,25;0;13003,25
SHP0650;Temporary Admission;144510,46;0;0;0;0
SHP0651;Temporary Admission;102921,69;5,5;5660,69;5109,74;550,95
SHP0652;IP Relief;107198,68;1,7;1822,38;1213,1;609,28
SHP0653;FTA Relief;112337,12;0;0;0;0
SHP0654;Standard Entry;120719,59;5,5;6639,58;0;6639,58
SHP0655;Temporary Admission;153408,51;0;0;0;0
SHP0656;Standard Entry;43858,34;0;0;0;0
SHP0657;Standard Entry;248447,39;12;29813,69;0;29813,69
SHP0658;Standard Entry;200751,79;1,7;3412,78;0;3412,78
SHP0659;End Use Relief;159331,9;12;19119,83;15387,72;3732,11
SHP0660;Standard Entry;205694,39;9;18512,5;0;18512,5
SHP0661;Temporary Admission;25882,3;12;3105,88;2716,05;389,83
SHP0662;FTA Relief;229914,91;5,5;12645,32;12258,62;386,7
SHP0663;End Use Relief;103404,46;0;0;0;0
SHP0664;End Use Relief;222016,8;0;0;0;0
SHP0665;End Use Relief;162750,44;0;0;0;0
SHP0666;End Use Relief;248021,37;0;0;0;0
SHP0667;Standard Entry;137283,5;0;0;0;0
SHP0668;Standard Entry;35334,19;0;0;0;0
SHP0669;IP Relief;74711,2;9;6724,01;5208,93;1515,08
SHP0670;End Use Relief;29007,02;0;0;0;0
SHP0671;FTA Relief;133932,62;9;12053,94;10564,94;1489
SHP0672;Standard Entry;128917,54;9;11602,58;0;11602,58
SHP0673;Standard Entry;187891,59;0;0;0;0
SHP0674;End Use Relief;33846,84;4,5;1523,11;924,11;599
SHP0675;End Use Relief;57817,46;12;6938,1;5458,16;1479,94
SHP0676;Standard Entry;115831,73;12;13899,81;0;13899,81
SHP0677;Standard Entry;115023,31;0;0;0;0
SHP0678;Temporary Admission;223060,58;12;26767,27;25353,49;1413,78
SHP0679;Standard Entry;137749,41;0;0;0;0
SHP0680;Standard Entry;240782,31;0;0;0;0
SHP0681;End Use Relief;16020,99;0;0;0;0
SHP0682;End Use Relief;33087,93;12;3970,55;2123,32;1847,23
SHP0683;IP Relief;155546,48;12;18665,58;11457,9;7207,68
SHP0684;Temporary Admission;225377,87;12;27045,34;21916,88;5128,46
SHP0685;End Use Relief;82992,43;0;0;0;0
SHP0686;Standard Entry;140903,33;0;0;0;0
SHP0687;Standard Entry;137407,74;12;16488,93;0;16488,93
SHP0688;Standard Entry;243160,04;0;0;0;0
SHP0689;Standard Entry;210967,63;12;25316,12;0;25316,12
SHP0690;Standard Entry;39214,32;4,5;1764,64;0;1764,64
SHP0691;Standard Entry;178399,75;0;0;0;0
SHP0692;IP Relief;230953,16;1,7;3926,2;2799,68;1126,52
SHP0693;Temporary Admission;12582,14;0;0;0;0
SHP0694;Temporary Admission;118359,67;4,5;5326,19;5258,28;67,91
SHP0695;Standard Entry;155293,46;0;0;0;0
SHP0696;Temporary Admission;53041,26;4,5;2386,86;2301,47;85,39
SHP0697;End Use Relief;149100,32;12;17892,04;13617,47;4274,57
SHP0698;Standard Entry;66965,66;12;8035,88;0;8035,88
SHP0699;Temporary Admission;126415,81;5,5;6952,87;6281,58;671,29
SHP0700;IP Relief;25043,18;9;2253,89;1578,03;675,86
SHP0701;IP Relief;122591,77;12;14711,01;11516,08;3194,93
SHP0702;Standard Entry;195058,62;4,5;8777,64;0;8777,64
SHP0703;Standard Entry;36246,27;0;0;0;0
SHP0704;Standard Entry;77254,61;0;0;0;0
SHP0705;End Use Relief;99060,41;12;11887,25;9251,94;2635,31
SHP0706;FTA Relief;179758,35;1,7;3055,89;2682,66;373,23
SHP0707;Temporary Admission;38729,81;5,5;2130,14;1722,89;407,25
SHP0708;End Use Relief;80625,23;4,5;3628,14;2249,5;1378,64
SHP0709;FTA Relief;52874,75;0;0;0;0
SHP0710;Standard Entry;78409,74;0;0;0;0
SHP0711;FTA Relief;61417,13;9;5527,54;4903,9;623,64
SHP0712;Standard Entry;12354,31;12;1482,52;0;1482,52
SHP0713;IP Relief;74604,72;0;0;0;0
SHP0714;Standard Entry;10143,47;12;1217,22;0;1217,22
SHP0715;FTA Relief;46983,15;9;4228,48;3628,37;600,11
SHP0716;End Use Relief;151889,54;12;18226,74;15345,89;2880,85
SHP0717;FTA Relief;199924,92;4,5;8996,62;8653,45;343,17
SHP0718;FTA Relief;127154,01;0;0;0;0
SHP0719;IP Relief;58783,94;9;5290,55;3021,17;2269,38
SHP0720;FTA Relief;37910,93;1,7;644,49;467,39;177,1
SHP0721;End Use Relief;119549,99;9;10759,5;6919,79;3839,71
SHP0722;FTA Relief;225861,58;9;20327,54;16025,32;4302,22
SHP0723;Standard Entry;170401,29;4,5;7668,06;0;7668,06
SHP0724;Standard Entry;78371,17;12;9404,54;0;9404,54
SHP0725;Standard Entry;102388,79;9;9214,99;0;9214,99
SHP0726;End Use Relief;199019,15;0;0;0;0
SHP0727;End Use Relief;219068,8;12;26288,26;15955,66;10332,6
SHP0728;Standard Entry;84889,48;5,5;4668,92;0;4668,92
SHP0729;Standard Entry;55030,13;1,7;935,51;0;935,51
SHP0730;IP Relief;46998,8;0;0;0;0
SHP0731;Standard Entry;76320,85;12;9158,5;0;9158,5
SHP0732;IP Relief;36638,73;12;4396,65;2842,19;1554,46
SHP0733;Temporary Admission;152908,81;4,5;6880,9;6797,17;83,73
SHP0734;Temporary Admission;202853,63;12;24342,44;22034,08;2308,36
SHP0735;Standard Entry;155191,74;4,5;6983,63;0;6983,63
SHP0736;Temporary Admission;176167,97;9;15855,12;12822,56;3032,56
SHP0737;Standard Entry;140441,85;0;0;0;0
SHP0738;Temporary Admission;15935,62;5,5;876,46;705,85;170,61
SHP0739;Standard Entry;229698,56;5,5;12633,42;0;12633,42
SHP0740;Standard Entry;120342,99;0;0;0;0
SHP0741;IP Relief;24008,4;12;2881,01;2210,47;670,54
SHP0742;Standard Entry;175701,88;0;0;0;0
SHP0743;Standard Entry;96787,95;0;0;0;0
SHP0744;IP Relief;239892,59;0;0;0;0
SHP0745;IP Relief;55744,23;12;6689,31;4612,92;2076,39
SHP0746;FTA Relief;100350,73;4,5;4515,78;3782,57;733,21
SHP0747;FTA Relief;179570,12;0;0;0;0
SHP0748;Standard Entry;191620,49;0;0;0;0
SHP0749;End Use Relief;186744,41;0;0;0;0
SHP0750;FTA Relief;24450,46;4,5;1100,27;815,59;284,68
SHP0751;Standard Entry;219946,32;0;0;0;0
SHP0752;IP Relief;64351;0;0;0;0
SHP0753;Temporary Admission;125452,36;12;15054,28;14914,76;139,52
SHP0754;End Use Relief;109428,75;1,7;1860,29;1234,26;626,03
SHP0755;IP Relief;54343,25;12;6521,19;5229,01;1292,18
SHP0756;Temporary Admission;43190,22;9;3887,12;3851,17;35,95
SHP0757;IP Relief;183028,82;0;0;0;0
SHP0758;Temporary Admission;119968,33;1,7;2039,46;1694,68;344,78
SHP0759;Temporary Admission;124940,02;9;11244,6;10437,35;807,25
SHP0760;FTA Relief;178736,47;12;21448,38;19099,65;2348,73
SHP0761;Temporary Admission;168090,53;12;20170,86;16733,28;3437,58
SHP0762;FTA Relief;179344,32;0;0;0;0
SHP0763;Standard Entry;222229,47;4,5;10000,33;0;10000,33
SHP0764;IP Relief;102502,7;0;0;0;0
SHP0765;Temporary Admission;48218,32;0;0;0;0
SHP0766;End Use Relief;188729,36;9;16985,64;13303,37;3682,27
SHP0767;Standard Entry;97543,49;0;0;0;0
SHP0768;Temporary Admission;70189,78;9;6317,08;6260,5;56,58
SHP0769;End Use Relief;120941,79;5,5;6651,8;4110,55;2541,25
SHP0770;Standard Entry;218903,97;4,5;9850,68;0;9850,68
SHP0771;End Use Relief;115719,93;0;0;0;0
SHP0772;Standard Entry;185274,19;0;0;0;0
SHP0773;Standard Entry;214989,5;0;0;0;0
SHP0774;End Use Relief;36326,03;12;4359,12;3395,26;963,86
SHP0775;Standard Entry;46756,09;9;4208,05;0;4208,05
SHP0776;Temporary Admission;121694,07;0;0;0;0
SHP0777;FTA Relief;89090,32;12;10690,84;10402,72;288,12
SHP0778;IP Relief;186442,4;0;0;0;0
SHP0779;End Use Relief;136222,74;5,5;7492,25;5967,51;1524,74
SHP0780;FTA Relief;213828,7;1,7;3635,09;2889,09;746
SHP0781;FTA Relief;83434,14;4,5;3754,54;3194,04;560,5
SHP0782;IP Relief;86620,41;9;7795,84;6156,84;1639
SHP0783;Temporary Admission;139246,01;0;0;0;0
SHP0784;IP Relief;214781,79;0;0;0;0
SHP0785;Standard Entry;175509,1;9;15795,82;0;15795,82
SHP0786;Standard Entry;197447,32;0;0;0;0
SHP0787;Temporary Admission;164273,96;4,5;7392,33;6791,17;601,16
SHP0788;Temporary Admission;187574,06;5,5;10316,57;9854,08;462,49
SHP0789;Standard Entry;124858,52;4,5;5618,63;0;5618,63
SHP0790;Standard Entry;123626,91;4,5;5563,21;0;5563,21
SHP0791;Standard Entry;176681,77;0;0;0;0
SHP0792;End Use Relief;189482,11;0;0;0;0
SHP0793;IP Relief;55526,33;9;4997,37;2780,65;2216,72
SHP0794;End Use Relief;78646,99;4,5;3539,11;2941,62;597,49
SHP0795;IP Relief;56410,68;0;0;0;0
SHP0796;FTA Relief;149986,87;12;17998,42;14096,7;3901,72
SHP0797;FTA Relief;170748,79;0;0;0;0
SHP0798;Standard Entry;166042,92;0;0;0;0
SHP0799;Standard Entry;35532,2;5,5;1954,27;0;1954,27
SHP0800;IP Relief;7416,52;4,5;333,74;210,93;122,81
SHP0801;IP Relief;134595,23;0;0;0;0
SHP0802;IP Relief;186617,8;12;22394,14;18784,21;3609,93
SHP0803;End Use Relief;97806,16;0;0;0;0
SHP0804;Temporary Admission;72576,63;12;8709,2;7712,46;996,74
SHP0805;Standard Entry;63809;12;7657,08;0;7657,08
SHP0806;Temporary Admission;38424,95;0;0;0;0
SHP0807;Temporary Admission;248584,38;0;0;0;0
SHP0808;FTA Relief;37663,11;0;0;0;0
SHP0809;IP Relief;192771,41;0;0;0;0
SHP0810;Standard Entry;232631,71;0;0;0;0
SHP0811;End Use Relief;31255,19;0;0;0;0
SHP0812;FTA Relief;105626,17;9;9506,36;9258,56;247,8
SHP0813;IP Relief;203828,24;4,5;9172,27;4935,08;4237,19
SHP0814;IP Relief;74800,44;0;0;0;0
SHP0815;Standard Entry;139780,3;9;12580,23;0;12580,23
SHP0816;Standard Entry;89309,53;12;10717,14;0;10717,14
SHP0817;Standard Entry;124052,66;0;0;0;0
SHP0818;FTA Relief;65601,82;12;7872,22;7448,56;423,66
SHP0819;End Use Relief;34512,99;12;4141,56;2652,46;1489,1
SHP0820;Standard Entry;80079,26;12;9609,51;0;9609,51
SHP0821;Temporary Admission;70965,29;0;0;0;0
SHP0822;Standard Entry;74902,66;0;0;0;0
SHP0823;IP Relief;168892,15;9;15200,29;11233,57;3966,72
SHP0824;End Use Relief;148160,17;0;0;0;0
SHP0825;Standard Entry;23345,5;0;0;0;0
SHP0826;FTA Relief;66868,75;0;0;0;0
SHP0827;Temporary Admission;151792,65;9;13661,34;12832,66;828,68
SHP0828;Temporary Admission;130804,49;0;0;0;0
SHP0829;End Use Relief;44200,75;5,5;2431,04;1400,84;1030,2
SHP0830;IP Relief;34180,33;4,5;1538,11;889,6;648,51
SHP0831;Standard Entry;33465,29;4,5;1505,94;0;1505,94
SHP0832;Standard Entry;246389,01;4,5;11087,51;0;11087,51
SHP0833;End Use Relief;187713,6;0;0;0;0
SHP0834;IP Relief;114283,7;12;13714,04;10360,05;3353,99
SHP0835;Temporary Admission;144566,21;12;17347,95;17151,42;196,53
SHP0836;Temporary Admission;40162,98;12;4819,56;4266,66;552,9
SHP0837;Standard Entry;207507,75;1,7;3527,63;0;3527,63
SHP0838;End Use Relief;31053,04;0;0;0;0
SHP0839;Temporary Admission;42855,76;0;0;0;0
SHP0840;End Use Relief;106744,74;0;0;0;0
SHP0841;Standard Entry;221634,86;4,5;9973,57;0;9973,57
SHP0842;IP Relief;93320,91;4,5;4199,44;3458,85;740,59
SHP0843;IP Relief;223813,8;0;0;0;0
SHP0844;IP Relief;233608,26;0;0;0;0
SHP0845;Standard Entry;73226,65;12;8787,2;0;8787,2
SHP0846;IP Relief;243347,97;4,5;10950,66;7781,65;3169,01
SHP0847;End Use Relief;206244,03;9;18561,96;11779,78;6782,18
SHP0848;IP Relief;141801,74;12;17016,21;14211,35;2804,86
SHP0849;Temporary Admission;56630,66;4,5;2548,38;2153,17;395,21
SHP0850;Temporary Admission;147493,73;0;0;0;0
SHP0851;Standard Entry;192527,34;12;23103,28;0;23103,28
SHP0852;IP Relief;32260,33;0;0;0;0
SHP0853;Temporary Admission;208231,97;5,5;11452,76;11267,57;185,19
SHP0854;Temporary Admission;156665,72;0;0;0;0
SHP0855;IP Relief;98215,16;9;8839,36;4588,82;4250,54
SHP0856;IP Relief;63684,83;0;0;0;0
SHP0857;End Use Relief;70946,16;12;8513,54;7166,97;1346,57
SHP0858;IP Relief;127552,94;0;0;0;0
SHP0859;Standard Entry;194889,75;0;0;0;0
SHP0860;FTA Relief;221874,95;4,5;9984,37;7268,49;2715,88
SHP0861;End Use Relief;197411,21;0;0;0;0
SHP0862;FTA Relief;158808,46;12;19057,02;16184,3;2872,72
SHP0863;Standard Entry;44560,76;9;4010,47;0;4010,47
SHP0864;Standard Entry;191970,86;12;23036,5;0;23036,5
SHP0865;IP Relief;94849,41;4,5;4268,22;3396,19;872,03
SHP0866;Standard Entry;198694,71;4,5;8941,26;0;8941,26
SHP0867;Temporary Admission;118258,25;1,7;2010,39;1645,91;364,48
SHP0868;Standard Entry;103372,52;12;12404,7;0;12404,7
SHP0869;Standard Entry;14379,17;0;0;0;0
SHP0870;End Use Relief;110376,89;0;0;0;0
SHP0871;FTA Relief;104241,78;0;0;0;0
SHP0872;Standard Entry;77741,72;12;9329,01;0;9329,01
SHP0873;FTA Relief;144727,63;0;0;0;0
SHP0874;Standard Entry;233785,75;0;0;0;0
SHP0875;Standard Entry;115085,52;0;0;0;0
SHP0876;FTA Relief;56391,95;0;0;0;0
SHP0877;Standard Entry;105544,77;0;0;0;0
SHP0878;FTA Relief;140424,63;0;0;0;0
SHP0879;End Use Relief;164158,02;0;0;0;0
SHP0880;Temporary Admission;76026,59;0;0;0;0
SHP0881;Temporary Admission;227458,42;12;27295,01;25356,3;1938,71
SHP0882;Standard Entry;64180,84;4,5;2888,14;0;2888,14
SHP0883;End Use Relief;239994,35;12;28799,32;24407,14;4392,18
SHP0884;Standard Entry;100650,87;12;12078,1;0;12078,1
SHP0885;Standard Entry;34001,32;12;4080,16;0;4080,16
SHP0886;Standard Entry;193657,9;0;0;0;0
SHP0887;Standard Entry;63731,86;5,5;3505,25;0;3505,25
SHP0888;Temporary Admission;25326,03;0;0;0;0
SHP0889;Standard Entry;27730,4;0;0;0;0
SHP0890;Standard Entry;23696,61;0;0;0;0
SHP0891;IP Relief;244099,39;12;29291,93;24833,96;4457,97
SHP0892;Standard Entry;12241,03;0;0;0;0
SHP0893;FTA Relief;25443,48;0;0;0;0
SHP0894;Standard Entry;187572,64;4,5;8440,77;0;8440,77
SHP0895;FTA Relief;30209,18;12;3625,1;3400,15;224,95
SHP0896;End Use Relief;98846,23;5,5;5436,54;3098,3;2338,24
SHP0897;IP Relief;207538,17;0;0;0;0
SHP0898;FTA Relief;165953,88;5,5;9127,46;7407,75;1719,71
SHP0899;IP Relief;142601,94;0;0;0;0
SHP0900;End Use Relief;190269,29;0;0;0;0
SHP0901;Standard Entry;115932,35;9;10433,91;0;10433,91
SHP0902;Standard Entry;74669,63;4,5;3360,13;0;3360,13
SHP0903;Standard Entry;201615,75;0;0;0;0
SHP0904;IP Relief;78118,73;0;0;0;0
SHP0905;Standard Entry;216040,25;12;25924,83;0;25924,83
SHP0906;End Use Relief;221413,24;12;26569,59;13685,38;12884,21
SHP0907;Temporary Admission;147946,04;0;0;0;0
SHP0908;Standard Entry;125075,44;0;0;0;0
SHP0909;IP Relief;209707,81;0;0;0;0
SHP0910;Standard Entry;124473,17;0;0;0;0
SHP0911;IP Relief;128605,3;0;0;0;0
SHP0912;FTA Relief;108658,03;0;0;0;0
SHP0913;Standard Entry;121678,9;12;14601,47;0;14601,47
SHP0914;Temporary Admission;110557,86;4,5;4975,1;4312,16;662,94
SHP0915;Temporary Admission;48278,05;0;0;0;0
SHP0916;FTA Relief;224289,32;0;0;0;0
SHP0917;End Use Relief;101256,93;0;0;0;0
SHP0918;Standard Entry;5761,18;4,5;259,25;0;259,25
SHP0919;Standard Entry;22016,39;12;2641,97;0;2641,97
SHP0920;IP Relief;46827,65;5,5;2575,52;1973,08;602,44
SHP0921;FTA Relief;9260,75;9;833,47;753,47;80
SHP0922;Standard Entry;125212,15;0;0;0;0
SHP0923;Standard Entry;194758,94;9;17528,3;0;17528,3
SHP0924;Temporary Admission;12571,65;12;1508,6;1381,15;127,45
SHP0925;Standard Entry;246896,26;0;0;0;0
SHP0926;IP Relief;132419,04;5,5;7283,05;4516,55;2766,5
SHP0927;Standard Entry;171826,15;4,5;7732,18;0;7732,18
SHP0928;Standard Entry;58244,7;4,5;2621,01;0;2621,01
SHP0929;Standard Entry;90803,47;4,5;4086,16;0;4086,16
SHP0930;Standard Entry;58620,15;12;7034,42;0;7034,42
SHP0931;Standard Entry;143157,36;0;0;0;0
SHP0932;End Use Relief;77846,87;5,5;4281,58;3530,13;751,45
SHP0933;FTA Relief;234045,55;0;0;0;0
SHP0934;Standard Entry;190184,83;9;17116,63;0;17116,63
SHP0935;End Use Relief;212051,3;1,7;3604,87;1961,33;1643,54
SHP0936;Standard Entry;150613,22;0;0;0;0
SHP0937;Standard Entry;180653,09;0;0;0;0
SHP0938;FTA Relief;81168,25;12;9740,19;9708,51;31,68
SHP0939;FTA Relief;65565,49;0;0;0;0
SHP0940;Temporary Admission;212693,43;4,5;9571,2;8155,18;1416,02
SHP0941;FTA Relief;186707,86;12;22404,94;19357,96;3046,98
SHP0942;Temporary Admission;175924,91;1,7;2990,72;2456,78;533,94
SHP0943;End Use Relief;163051,7;0;0;0;0
SHP0944;Standard Entry;215950,43;4,5;9717,77;0;9717,77
SHP0945;Standard Entry;180219,67;12;21626,36;0;21626,36
SHP0946;Temporary Admission;178582,54;5,5;9822,04;8853,55;968,49
SHP0947;End Use Relief;213747,64;1,7;3633,71;2019,3;1614,41
SHP0948;Standard Entry;223655,85;0;0;0;0
SHP0949;Standard Entry;159667,04;0;0;0;0
SHP0950;FTA Relief;125320,24;5,5;6892,61;6228,54;664,07
SHP0951;FTA Relief;240158,92;0;0;0;0
SHP0952;End Use Relief;183844,39;1,7;3125,35;2559,18;566,17
SHP0953;IP Relief;38779,02;0;0;0;0
SHP0954;End Use Relief;61490,51;0;0;0;0
SHP0955;Standard Entry;23320,4;5,5;1282,62;0;1282,62
SHP0956;Standard Entry;120389,78;1,7;2046,63;0;2046,63
SHP0957;IP Relief;205106,78;12;24612,81;15145,82;9466,99
SHP0958;End Use Relief;245358,73;0;0;0;0
SHP0959;Standard Entry;90813,13;0;0;0;0
SHP0960;FTA Relief;172480,79;0;0;0;0
SHP0961;Standard Entry;33908,18;5,5;1864,95;0;1864,95
SHP0962;FTA Relief;106201,04;12;12744,12;11798,13;945,99
SHP0963;Temporary Admission;90668,53;12;10880,22;10129,94;750,28
SHP0964;Standard Entry;234900,68;0;0;0;0
SHP0965;End Use Relief;223779,73;4,5;10070,09;6158,87;3911,22
SHP0966;IP Relief;244104,91;9;21969,44;12757,38;9212,06
SHP0967;Temporary Admission;10215,96;0;0;0;0
SHP0968;IP Relief;216379,34;0;0;0;0
SHP0969;Standard Entry;191934,1;0;0;0;0
SHP0970;Standard Entry;109749,55;12;13169,95;0;13169,95
SHP0971;End Use Relief;44824,47;12;5378,94;3407,3;1971,64
SHP0972;FTA Relief;101677,29;0;0;0;0
SHP0973;End Use Relief;48802,18;4,5;2196,1;1453,72;742,38
SHP0974;End Use Relief;235014,39;0;0;0;0
SHP0975;Temporary Admission;218453,6;4,5;9830,41;9154,03;676,38
SHP0976;Temporary Admission;180752,64;12;21690,32;17616,07;4074,25
SHP0977;FTA Relief;113734,11;1,7;1933,48;1649,86;283,62
SHP0978;Standard Entry;85002,43;0;0;0;0
SHP0979;Standard Entry;232925,59;1,7;3959,74;0;3959,74
SHP0980;Standard Entry;97815,72;0;0;0;0
SHP0981;End Use Relief;107429,63;1,7;1826,3;1381,72;444,58
SHP0982;IP Relief;85527,7;4,5;3848,75;3000,69;848,06
SHP0983;FTA Relief;91236,23;0;0;0;0
SHP0984;End Use Relief;227770,11;12;27332,41;20114,93;7217,48
SHP0985;Standard Entry;146122,88;0;0;0;0
SHP0986;IP Relief;29743,87;5,5;1635,91;1315,78;320,13
SHP0987;End Use Relief;103567,79;12;12428,13;8636,67;3791,46
SHP0988;Standard Entry;228115,19;1,7;3877,96;0;3877,96
SHP0989;FTA Relief;150420,56;0;0;0;0
SHP0990;End Use Relief;77850,39;0;0;0;0
SHP0991;Standard Entry;145908,77;12;17509,05;0;17509,05
SHP0992;IP Relief;75677,31;4,5;3405,48;2796,55;608,93
SHP0993;End Use Relief;136789,4;0;0;0;0
SHP0994;Standard Entry;116193,1;5,5;6390,62;0;6390,62
SHP0995;FTA Relief;201892,06;0;0;0;0
SHP0996;Temporary Admission;195376,16;4,5;8791,93;8276,39;515,54
SHP0997;FTA Relief;38534,29;4,5;1734,04;1409,54;324,5
SHP0998;FTA Relief;160519,32;12;19262,32;13996,26;5266,06
SHP0999;FTA Relief;173555,51;1,7;2950,44;2608,23;342,21
SHP1000;IP Relief;200202,81;0;0;0;0
SHP1001;IP Relief;167292,46;0;0;0;0
SHP1002;FTA Relief;62540,71;0;0;0;0
SHP1003;Standard Entry;113278,13;4,5;5097,52;0;5097,52
SHP1004;Standard Entry;59220,96;4,5;2664,94;0;2664,94
SHP1005;FTA Relief;10173,83;4,5;457,82;372,55;85,27
SHP1006;FTA Relief;136246,21;0;0;0;0
SHP1007;End Use Relief;9906,95;12;1188,83;985,69;203,14
SHP1008;IP Relief;71752,27;4,5;3228,85;1754,15;1474,7
SHP1009;Standard Entry;8611,74;0;0;0;0
SHP1010;IP Relief;10740,83;12;1288,9;768,08;520,82
SHP1011;Temporary Admission;73246,69;4,5;3296,1;2824,38;471,72
SHP1012;End Use Relief;243921,7;4,5;10976,48;7014,76;3961,72
SHP1013;IP Relief;142416,93;0;0;0;0
SHP1014;Temporary Admission;193015,08;1,7;3281,26;2790,4;490,86
SHP1015;Temporary Admission;142790,33;1,7;2427,44;2179,22;248,22
SHP1016;End Use Relief;23988,59;0;0;0;0
SHP1017;Standard Entry;158410,4;9;14256,94;0;14256,94
SHP1018;Standard Entry;83984,6;4,5;3779,31;0;3779,31
SHP1019;FTA Relief;153106,86;0;0;0;0
SHP1020;IP Relief;21426,76;0;0;0;0
SHP1021;Standard Entry;43330,99;4,5;1949,89;0;1949,89
SHP1022;FTA Relief;183684,16;0;0;0;0
SHP1023;End Use Relief;48689,69;0;0;0;0
SHP1024;End Use Relief;46184,35;0;0;0;0
SHP1025;Standard Entry;130367,79;9;11733,1;0;11733,1
SHP1026;Standard Entry;194610,31;0;0;0;0
SHP1027;End Use Relief;40006,58;0;0;0;0
SHP1028;IP Relief;119188,59;0;0;0;0
SHP1029;FTA Relief;133870,64;4,5;6024,18;4227,07;1797,11
SHP1030;Standard Entry;72363,1;0;0;0;0
SHP1031;Standard Entry;47573,89;1,7;808,76;0;808,76
SHP1032;Standard Entry;209345,79;0;0;0;0
SHP1033;End Use Relief;155430,93;12;18651,71;9434,71;9217
SHP1034;Temporary Admission;52270,28;0;0;0;0
SHP1035;End Use Relief;47377,21;4,5;2131,97;1623,26;508,71
SHP1036;Temporary Admission;232916,85;4,5;10481,26;8569,82;1911,44
SHP1037;Standard Entry;161296,68;0;0;0;0
SHP1038;Standard Entry;177948,92;0;0;0;0
SHP1039;FTA Relief;68541,75;12;8225,01;6842,22;1382,79
SHP1040;Standard Entry;237667,96;0;0;0;0
SHP1041;Standard Entry;88834,39;4,5;3997,55;0;3997,55
SHP1042;IP Relief;159622,85;9;14366,06;9572,44;4793,62
SHP1043;End Use Relief;92926,62;0;0;0;0
SHP1044;IP Relief;50609,38;12;6073,13;3082,8;2990,33
SHP1045;FTA Relief;171246,18;9;15412,16;12176,41;3235,75
SHP1046;Temporary Admission;45764,26;1,7;777,99;669,16;108,83
SHP1047;Standard Entry;89795,1;0;0;0;0
SHP1048;FTA Relief;62864,98;12;7543,8;5740,81;1802,99
SHP1049;Temporary Admission;139708,12;0;0;0;0
SHP1050;Standard Entry;234139,29;0;0;0;0
SHP1051;Standard Entry;221969,09;0;0;0;0
SHP1052;Standard Entry;163166,43;12;19579,97;0;19579,97
SHP1053;Standard Entry;41933,15;5,5;2306,32;0;2306,32
SHP1054;FTA Relief;31075,49;12;3729,06;3512,28;216,78
SHP1055;End Use Relief;124104,15;12;14892,5;12449,72;2442,78
SHP1056;Standard Entry;96342,2;0;0;0;0
SHP1057;End Use Relief;6704,4;5,5;368,74;306,74;62
SHP1058;Standard Entry;217634,7;5,5;11969,91;0;11969,91
SHP1059;Temporary Admission;70472,7;4,5;3171,27;2723;448,27
SHP1060;Standard Entry;185976,67;1,7;3161,6;0;3161,6
SHP1061;FTA Relief;89619,64;0;0;0;0
SHP1062;IP Relief;130594,91;4,5;5876,77;4430,44;1446,33
SHP1063;IP Relief;228524,93;0;0;0;0
SHP1064;FTA Relief;120865,01;0;0;0;0
SHP1065;Temporary Admission;6237,51;1,7;106,04;89,22;16,82
SHP1066;Standard Entry;9427,87;0;0;0;0
SHP1067;Temporary Admission;100314,68;12;12037,76;11868,92;168,84
SHP1068;Temporary Admission;46653,29;12;5598,39;4915,46;682,93
SHP1069;IP Relief;79488,02;0;0;0;0
SHP1070;End Use Relief;248977,33;12;29877,28;15183,42;14693,86
SHP1071;Temporary Admission;58484,82;12;7018,18;7007,13;11,05
SHP1072;FTA Relief;193772,42;4,5;8719,76;7752,59;967,17
SHP1073;Temporary Admission;231514,83;12;27781,78;23097,59;4684,19
SHP1074;Temporary Admission;147138,67;0;0;0;0
SHP1075;End Use Relief;144793,25;12;17375,19;11173,49;6201,7
SHP1076;Temporary Admission;187026,52;0;0;0;0
SHP1077;IP Relief;230739,49;9;20766,55;12728,93;8037,62
SHP1078;FTA Relief;200204,62;9;18018,42;17871,42;147
SHP1079;Standard Entry;170833,73;0;0;0;0
SHP1080;Standard Entry;10811,43;0;0;0;0
SHP1081;Temporary Admission;197918,76;4,5;8906,34;7309,65;1596,69
SHP1082;IP Relief;69804,39;0;0;0;0
SHP1083;IP Relief;115342,16;4,5;5190,4;3063,75;2126,65
SHP1084;Standard Entry;76348,48;4,5;3435,68;0;3435,68
SHP1085;IP Relief;76621,56;0;0;0;0
SHP1086;Standard Entry;218206,98;1,7;3709,52;0;3709,52
SHP1087;End Use Relief;217025,13;1,7;3689,43;2471,31;1218,12
SHP1088;Standard Entry;55575,17;0;0;0;0
SHP1089;Temporary Admission;186637,58;4,5;8398,69;7329,64;1069,05
SHP1090;End Use Relief;24464,59;4,5;1100,91;857,91;243
SHP1091;Standard Entry;173961,18;0;0;0;0
SHP1092;Standard Entry;133026,64;4,5;5986,2;0;5986,2
SHP1093;Temporary Admission;198553,95;9;17869,86;14556,98;3312,88
SHP1094;End Use Relief;144485,67;0;0;0;0
SHP1095;Temporary Admission;71332,08;0;0;0;0
SHP1096;End Use Relief;142509,76;4,5;6412,94;3899,59;2513,35
SHP1097;End Use Relief;21062,07;0;0;0;0
SHP1098;FTA Relief;80264,08;12;9631,69;7624,59;2007,1
SHP1099;FTA Relief;102078,8;0;0;0;0
SHP1100;End Use Relief;233546,67;0;0;0;0
SHP1101;Standard Entry;143005,17;12;17160,62;0;17160,62
SHP1102;FTA Relief;177563,03;0;0;0;0
SHP1103;Temporary Admission;53865,78;0;0;0;0
SHP1104;Standard Entry;196400,85;4,5;8838,04;0;8838,04
SHP1105;Standard Entry;136784,45;5,5;7523,14;0;7523,14
SHP1106;Standard Entry;41852,8;4,5;1883,38;0;1883,38
SHP1107;IP Relief;135101,73;12;16212,21;9759,7;6452,51
SHP1108;Temporary Admission;60782,16;0;0;0;0
SHP1109;Standard Entry;202485,88;12;24298,31;0;24298,31
SHP1110;Temporary Admission;137008,3;1,7;2329,14;1994,98;334,16
SHP1111;Standard Entry;213614,06;0;0;0;0
SHP1112;IP Relief;85955,21;12;10314,63;5813,18;4501,45
SHP1113;IP Relief;7091,79;1,7;120,56;73,88;46,68
SHP1114;Temporary Admission;217474,57;0;0;0;0
SHP1115;End Use Relief;90387,3;0;0;0;0
SHP1116;IP Relief;38641,48;5,5;2125,28;1731,27;394,01
SHP1117;Standard Entry;55379,91;5,5;3045,9;0;3045,9
SHP1118;End Use Relief;56361,3;0;0;0;0
SHP1119;End Use Relief;32438,13;0;0;0;0
SHP1120;IP Relief;164740,45;4,5;7413,32;4301,77;3111,55
SHP1121;FTA Relief;132062,39;0;0;0;0
SHP1122;Standard Entry;106644,71;12;12797,37;0;12797,37
SHP1123;Standard Entry;44781,56;0;0;0;0
SHP1124;IP Relief;11328,36;0;0;0;0
SHP1125;End Use Relief;8659,92;5,5;476,3;387,72;88,58
SHP1126;End Use Relief;121679,65;5,5;6692,38;5453,23;1239,15
SHP1127;Standard Entry;208616,89;0;0;0;0
SHP1128;Standard Entry;103940,44;12;12472,85;0;12472,85
SHP1129;Standard Entry;146405,94;4,5;6588,27;0;6588,27
SHP1130;Standard Entry;16764,52;1,7;285;0;285
SHP1131;FTA Relief;145161,25;12;17419,35;14722,02;2697,33
SHP1132;End Use Relief;187515,31;9;16876,38;12309,82;4566,56
SHP1133;End Use Relief;214772,52;0;0;0;0
SHP1134;FTA Relief;32228,56;0;0;0;0
SHP1135;Standard Entry;235606,18;0;0;0;0
SHP1136;End Use Relief;16513,83;0;0;0;0
SHP1137;FTA Relief;233008,97;0;0;0;0
SHP1138;End Use Relief;38349,37;5,5;2109,22;1747,17;362,05
SHP1139;Standard Entry;105542;12;12665,04;0;12665,04
SHP1140;Temporary Admission;209410,61;0;0;0;0
SHP1141;FTA Relief;72490,22;0;0;0;0
SHP1142;FTA Relief;35591,8;9;3203,26;2956,2;247,06
SHP1143;IP Relief;148319,75;5,5;8157,59;6580,6;1576,99
SHP1144;End Use Relief;217993,52;0;0;0;0
SHP1145;Standard Entry;107813,11;12;12937,57;0;12937,57
SHP1146;End Use Relief;70109,77;12;8413,17;7143,25;1269,92
SHP1147;Standard Entry;210360,38;0;0;0;0
SHP1148;End Use Relief;101467,55;4,5;4566,04;3472,51;1093,53
SHP1149;Temporary Admission;227479,92;0;0;0;0
SHP1150;Standard Entry;205500,27;0;0;0;0
SHP1151;Temporary Admission;199442,05;4,5;8974,89;7555,75;1419,14
SHP1152;Standard Entry;202263,14;12;24271,58;0;24271,58
SHP1153;Temporary Admission;98760,61;0;0;0;0
SHP1154;IP Relief;81079,26;12;9729,51;6588,26;3141,25
SHP1155;Standard Entry;151502,5;0;0;0;0
SHP1156;FTA Relief;144676,16;5,5;7957,19;5766,28;2190,91
SHP1157;IP Relief;175294,38;0;0;0;0
SHP1158;Standard Entry;141298,98;12;16955,88;0;16955,88
SHP1159;End Use Relief;200215,35;0;0;0;0
SHP1160;IP Relief;215686,45;0;0;0;0
SHP1161;Temporary Admission;207441,97;0;0;0;0
SHP1162;Standard Entry;149810,42;12;17977,25;0;17977,25
SHP1163;Standard Entry;172091,72;0;0;0;0
SHP1164;End Use Relief;57725,01;0;0;0;0
SHP1165;FTA Relief;6659,96;5,5;366,3;323,4;42,9
SHP1166;Temporary Admission;245046,58;0;0;0;0
SHP1167;Standard Entry;104855,68;4,5;4718,51;0;4718,51
SHP1168;FTA Relief;27229,95;4,5;1225,35;953,51;271,84
SHP1169;Standard Entry;19920,72;0;0;0;0
SHP1170;Standard Entry;201009,35;0;0;0;0
SHP1171;FTA Relief;218663,79;9;19679,74;19163,82;515,92
SHP1172;FTA Relief;222617,22;0;0;0;0
SHP1173;End Use Relief;152858,33;1,7;2598,59;2206,38;392,21
SHP1174;Standard Entry;94594,91;0;0;0;0
SHP1175;Temporary Admission;132361,73;0;0;0;0
SHP1176;Temporary Admission;38191,54;0;0;0;0
SHP1177;Standard Entry;123605,6;9;11124,5;0;11124,5
SHP1178;Standard Entry;188223,59;0;0;0;0
SHP1179;Temporary Admission;206817,8;4,5;9306,8;8718,92;587,88
SHP1180;Standard Entry;237741,25;0;0;0;0
SHP1181;Standard Entry;55477,31;1,7;943,11;0;943,11
SHP1182;Temporary Admission;43202,6;12;5184,31;4768,27;416,04
SHP1183;Standard Entry;73131,24;5,5;4022,22;0;4022,22
SHP1184;Standard Entry;161211,28;0;0;0;0
SHP1185;FTA Relief;136383,72;4,5;6137,27;4820,28;1316,99
SHP1186;End Use Relief;248911,82;0;0;0;0
SHP1187;Standard Entry;111807,41;12;13416,89;0;13416,89
SHP1188;End Use Relief;144356,33;0;0;0;0
SHP1189;Standard Entry;236971,22;0;0;0;0
SHP1190;Temporary Admission;134496,37;0;0;0;0
SHP1191;End Use Relief;233536,14;5,5;12844,49;8087,28;4757,21
SHP1192;Standard Entry;60006,93;1,7;1020,12;0;1020,12
SHP1193;End Use Relief;155932,03;0;0;0;0
SHP1194;FTA Relief;40379,81;9;3634,18;3238,52;395,66
SHP1195;IP Relief;179118,03;5,5;9851,49;6792,84;3058,65
SHP1196;Temporary Admission;238331,66;5,5;13108,24;11701,77;1406,47
SHP1197;FTA Relief;183680,17;12;22041,62;20614,15;1427,47
SHP1198;Temporary Admission;164798,17;12;19775,78;17008,44;2767,34
SHP1199;FTA Relief;49177,23;0;0;0;0
SHP1200;FTA Relief;105765,98;0;0;0;0
