ShipmentID;BookingDate;DepartureDate;ArrivalDate;ClearanceDate;TransitDays;ClearanceDays;OnTime
SHP0001;2023-04-15;2023-04-25;2023-06-03;2023-06-04;39;1;TRUE
SHP0002;2024-07-28;2024-08-07;2024-08-31;2024-09-04;24;4;FALSE
SHP0003;2023-12-11;2023-12-14;2024-01-04;2024-01-08;21;4;FALSE
SHP0004;2023-10-28;2023-11-04;2023-12-18;2023-12-23;44;5;FALSE
SHP0005;2024-04-09;2024-04-16;2024-05-04;2024-05-06;18;2;TRUE
SHP0006;2024-01-24;2024-02-03;2024-02-07;2024-02-09;4;2;TRUE
SHP0007;2024-08-03;2024-08-10;2024-08-17;2024-08-19;7;2;TRUE
SHP0008;2024-08-21;2024-08-29;2024-09-29;2024-10-02;31;3;TRUE
SHP0009;2024-03-08;2024-03-11;2024-04-17;2024-04-21;37;4;FALSE
SHP0010;2023-04-28;2023-05-08;2023-05-26;2023-06-02;18;7;FALSE
SHP0011;2023-09-27;2023-10-01;2023-11-04;2023-11-09;34;5;FALSE
SHP0012;2024-07-06;2024-07-16;2024-08-27;2024-08-28;42;1;TRUE
SHP0013;2023-03-22;2023-03-31;2023-04-20;2023-04-27;20;7;FALSE
SHP0014;2024-03-09;2024-03-19;2024-04-12;2024-04-19;24;7;FALSE
SHP0015;2023-08-19;2023-08-26;2023-08-28;2023-08-29;2;1;TRUE
SHP0016;2023-12-05;2023-12-15;2024-01-04;2024-01-06;20;2;TRUE
SHP0017;2023-09-06;2023-09-14;2023-09-24;2023-09-26;10;2;TRUE
SHP0018;2024-10-23;2024-10-25;2024-11-03;2024-11-07;9;4;FALSE
SHP0019;2023-07-07;2023-07-16;2023-07-20;2023-07-22;4;2;TRUE
SHP0020;2024-05-12;2024-05-17;2024-06-19;2024-06-26;33;7;FALSE
SHP0021;2024-12-14;2024-12-24;2025-01-12;2025-01-18;19;6;FALSE
SHP0022;2023-11-18;2023-11-20;2023-11-23;2023-11-28;3;5;FALSE
SHP0023;2023-03-11;2023-03-16;2023-04-03;2023-04-07;18;4;FALSE
SHP0024;2024-08-20;2024-08-30;2024-09-05;2024-09-08;6;3;TRUE
SHP0025;2023-11-04;2023-11-11;2023-11-16;2023-11-23;5;7;FALSE
SHP0026;2024-06-02;2024-06-06;2024-07-02;2024-07-05;26;3;TRUE
SHP0027;2024-09-18;2024-09-28;2024-10-18;2024-10-19;20;1;TRUE
SHP0028;2023-10-16;2023-10-21;2023-11-27;2023-12-03;37;6;FALSE
SHP0029;2024-03-09;2024-03-11;2024-03-23;2024-03-24;12;1;TRUE
SHP0030;2023-04-25;2023-04-29;2023-05-01;2023-05-06;2;5;FALSE
SHP0031;2024-01-09;2024-01-16;2024-01-18;2024-01-20;2;2;TRUE
SHP0032;2023-06-16;2023-06-24;2023-06-29;2023-06-30;5;1;TRUE
SHP0033;2024-04-26;2024-05-01;2024-05-12;2024-05-19;11;7;FALSE
SHP0034;2023-10-13;2023-10-16;2023-11-30;2023-12-07;45;7;FALSE
SHP0035;2023-09-29;2023-10-02;2023-10-21;2023-10-26;19;5;FALSE
SHP0036;2023-07-14;2023-07-16;2023-08-11;2023-08-17;26;6;FALSE
SHP0037;2024-11-10;2024-11-16;2024-11-20;2024-11-25;4;5;FALSE
SHP0038;2024-11-24;2024-11-28;2025-01-08;2025-01-13;41;5;FALSE
SHP0039;2023-11-26;2023-12-05;2023-12-10;2023-12-14;5;4;FALSE
SHP0040;2023-08-29;2023-09-04;2023-09-11;2023-09-13;7;2;TRUE
SHP0041;2024-04-11;2024-04-16;2024-04-21;2024-04-27;5;6;FALSE
SHP0042;2024-03-11;2024-03-15;2024-03-21;2024-03-28;6;7;FALSE
SHP0043;2024-04-20;2024-04-30;2024-05-18;2024-05-23;18;5;FALSE
SHP0044;2024-05-01;2024-05-07;2024-05-22;2024-05-29;15;7;FALSE
SHP0045;2023-12-10;2023-12-20;2024-01-17;2024-01-18;28;1;TRUE
SHP0046;2024-03-01;2024-03-06;2024-03-08;2024-03-15;2;7;FALSE
SHP0047;2024-03-05;2024-03-15;2024-04-19;2024-04-26;35;7;FALSE
SHP0048;2024-11-26;2024-12-04;2025-01-16;2025-01-22;43;6;FALSE
SHP0049;2024-11-09;2024-11-12;2024-11-30;2024-12-06;18;6;FALSE
SHP0050;2023-12-12;2023-12-20;2024-01-31;2024-02-03;42;3;TRUE
SHP0051;2023-08-18;2023-08-20;2023-08-24;2023-08-31;4;7;FALSE
SHP0052;2024-07-31;2024-08-09;2024-09-02;2024-09-08;24;6;FALSE
SHP0053;2023-11-15;2023-11-17;2023-11-21;2023-11-24;4;3;TRUE
SHP0054;2023-11-05;2023-11-08;2023-11-15;2023-11-22;7;7;FALSE
SHP0055;2024-10-25;2024-10-27;2024-11-04;2024-11-11;8;7;FALSE
SHP0056;2024-10-28;2024-11-07;2024-11-11;2024-11-18;4;7;FALSE
SHP0057;2024-08-06;2024-08-14;2024-09-20;2024-09-23;37;3;TRUE
SHP0058;2024-09-02;2024-09-08;2024-09-27;2024-10-02;19;5;FALSE
SHP0059;2024-10-23;2024-11-01;2024-11-08;2024-11-12;7;4;FALSE
SHP0060;2024-07-20;2024-07-28;2024-08-05;2024-08-11;8;6;FALSE
SHP0061;2023-11-20;2023-11-30;2023-12-21;2023-12-28;21;7;FALSE
SHP0062;2023-10-31;2023-11-07;2023-11-10;2023-11-12;3;2;TRUE
SHP0063;2024-10-15;2024-10-18;2024-10-23;2024-10-30;5;7;FALSE
SHP0064;2023-04-27;2023-04-30;2023-06-13;2023-06-17;44;4;FALSE
SHP0065;2024-07-25;2024-08-02;2024-09-13;2024-09-18;42;5;FALSE
SHP0066;2024-03-15;2024-03-17;2024-03-21;2024-03-26;4;5;FALSE
SHP0067;2023-03-18;2023-03-20;2023-04-12;2023-04-16;23;4;FALSE
SHP0068;2023-03-14;2023-03-20;2023-03-26;2023-04-02;6;7;FALSE
SHP0069;2023-05-26;2023-05-28;2023-06-17;2023-06-19;20;2;TRUE
SHP0070;2023-10-06;2023-10-15;2023-10-25;2023-10-26;10;1;TRUE
SHP0071;2024-08-24;2024-08-30;2024-09-17;2024-09-22;18;5;FALSE
SHP0072;2024-05-18;2024-05-27;2024-06-16;2024-06-19;20;3;TRUE
SHP0073;2024-02-15;2024-02-17;2024-02-23;2024-02-27;6;4;FALSE
SHP0074;2024-11-04;2024-11-13;2024-11-29;2024-12-03;16;4;FALSE
SHP0075;2024-07-16;2024-07-22;2024-08-01;2024-08-05;10;4;FALSE
SHP0076;2024-02-22;2024-02-27;2024-03-18;2024-03-25;20;7;FALSE
SHP0077;2024-04-28;2024-05-07;2024-05-10;2024-05-15;3;5;FALSE
SHP0078;2023-10-17;2023-10-23;2023-12-03;2023-12-10;41;7;FALSE
SHP0079;2024-07-10;2024-07-19;2024-07-24;2024-07-27;5;3;TRUE
SHP0080;2024-04-29;2024-05-07;2024-05-26;2024-05-30;19;4;FALSE
SHP0081;2024-03-26;2024-04-05;2024-04-07;2024-04-11;2;4;FALSE
SHP0082;2024-12-10;2024-12-13;2024-12-18;2024-12-25;5;7;FALSE
SHP0083;2024-10-08;2024-10-14;2024-11-22;2024-11-24;39;2;TRUE
SHP0084;2023-02-17;2023-02-19;2023-02-27;2023-03-02;8;3;TRUE
SHP0085;2023-06-24;2023-06-27;2023-06-30;2023-07-05;3;5;FALSE
SHP0086;2024-04-15;2024-04-17;2024-05-13;2024-05-20;26;7;FALSE
SHP0087;2024-12-07;2024-12-16;2024-12-20;2024-12-27;4;7;FALSE
SHP0088;2024-12-17;2024-12-19;2024-12-23;2024-12-30;4;7;FALSE
SHP0089;2023-08-13;2023-08-18;2023-09-05;2023-09-10;18;5;FALSE
SHP0090;2024-01-09;2024-01-13;2024-02-01;2024-02-02;19;1;TRUE
SHP0091;2024-06-27;2024-07-03;2024-07-19;2024-07-26;16;7;FALSE
SHP0092;2024-11-23;2024-12-01;2024-12-08;2024-12-15;7;7;FALSE
SHP0093;2024-11-19;2024-11-27;2024-12-23;2024-12-30;26;7;FALSE
SHP0094;2023-12-02;2023-12-07;2024-01-13;2024-01-19;37;6;FALSE
SHP0095;2023-04-29;2023-05-04;2023-05-25;2023-05-30;21;5;FALSE
SHP0096;2024-09-22;2024-09-28;2024-10-07;2024-10-08;9;1;TRUE
SHP0097;2024-01-03;2024-01-11;2024-01-14;2024-01-17;3;3;TRUE
SHP0098;2023-12-08;2023-12-12;2023-12-18;2023-12-25;6;7;FALSE
SHP0099;2024-09-02;2024-09-08;2024-09-26;2024-10-03;18;7;FALSE
SHP0100;2024-08-25;2024-08-27;2024-09-24;2024-09-26;28;2;TRUE
SHP0101;2024-06-09;2024-06-12;2024-06-18;2024-06-22;6;4;FALSE
SHP0102;2024-02-16;2024-02-19;2024-02-28;2024-03-03;9;4;FALSE
SHP0103;2024-10-10;2024-10-20;2024-11-25;2024-12-01;36;6;FALSE
SHP0104;2023-04-28;2023-05-08;2023-05-15;2023-05-21;7;6;FALSE
SHP0105;2023-04-08;2023-04-16;2023-05-14;2023-05-17;28;3;TRUE
SHP0106;2023-04-09;2023-04-16;2023-05-05;2023-05-12;19;7;FALSE
SHP0107;2023-02-22;2023-02-28;2023-03-12;2023-03-15;12;3;TRUE
SHP0108;2024-01-12;2024-01-18;2024-01-27;2024-02-01;9;5;FALSE
SHP0109;2023-12-14;2023-12-16;2024-01-14;2024-01-16;29;2;TRUE
SHP0110;2024-03-05;2024-03-12;2024-04-13;2024-04-15;32;2;TRUE
SHP0111;2023-03-25;2023-04-03;2023-04-15;2023-04-21;12;6;FALSE
SHP0112;2024-03-16;2024-03-22;2024-03-31;2024-04-06;9;6;FALSE
SHP0113;2023-11-05;2023-11-09;2023-11-12;2023-11-19;3;7;FALSE
SHP0114;2023-08-24;2023-09-03;2023-10-07;2023-10-14;34;7;FALSE
SHP0115;2023-11-17;2023-11-25;2023-12-01;2023-12-06;6;5;FALSE
SHP0116;2024-04-16;2024-04-23;2024-06-06;2024-06-07;44;1;TRUE
SHP0117;2023-12-14;2023-12-21;2024-01-15;2024-01-22;25;7;FALSE
SHP0118;2024-10-22;2024-10-27;2024-11-06;2024-11-07;10;1;TRUE
SHP0119;2024-05-20;2024-05-29;2024-06-13;2024-06-19;15;6;FALSE
SHP0120;2023-11-07;2023-11-13;2023-12-26;2023-12-31;43;5;FALSE
SHP0121;2023-03-20;2023-03-23;2023-04-30;2023-05-05;38;5;FALSE
SHP0122;2023-06-04;2023-06-13;2023-07-02;2023-07-03;19;1;TRUE
SHP0123;2024-06-19;2024-06-23;2024-07-30;2024-08-02;37;3;TRUE
SHP0124;2023-04-07;2023-04-15;2023-05-01;2023-05-04;16;3;TRUE
SHP0125;2023-11-14;2023-11-18;2023-11-27;2023-12-02;9;5;FALSE
SHP0126;2023-01-19;2023-01-25;2023-02-23;2023-02-25;29;2;TRUE
SHP0127;2024-06-03;2024-06-13;2024-07-25;2024-08-01;42;7;FALSE
SHP0128;2023-07-05;2023-07-09;2023-07-16;2023-07-22;7;6;FALSE
SHP0129;2023-09-02;2023-09-11;2023-09-23;2023-09-30;12;7;FALSE
SHP0130;2023-07-24;2023-07-28;2023-08-03;2023-08-10;6;7;FALSE
SHP0131;2023-06-14;2023-06-23;2023-07-05;2023-07-10;12;5;FALSE
SHP0132;2024-02-10;2024-02-17;2024-03-22;2024-03-24;34;2;TRUE
SHP0133;2024-10-27;2024-10-31;2024-11-28;2024-11-30;28;2;TRUE
SHP0134;2023-01-20;2023-01-25;2023-01-29;2023-02-05;4;7;FALSE
SHP0135;2024-03-05;2024-03-14;2024-04-21;2024-04-22;38;1;TRUE
SHP0136;2023-01-02;2023-01-07;2023-01-15;2023-01-20;8;5;FALSE
SHP0137;2024-07-21;2024-07-29;2024-07-31;2024-08-07;2;7;FALSE
SHP0138;2024-11-03;2024-11-06;2024-11-24;2024-12-01;18;7;FALSE
SHP0139;2024-04-20;2024-04-29;2024-06-08;2024-06-14;40;6;FALSE
SHP0140;2023-02-12;2023-02-18;2023-03-18;2023-03-23;28;5;FALSE
SHP0141;2024-11-02;2024-11-08;2024-12-06;2024-12-07;28;1;TRUE
SHP0142;2024-05-24;2024-06-03;2024-07-02;2024-07-05;29;3;TRUE
SHP0143;2023-11-25;2023-11-28;2023-12-07;2023-12-10;9;3;TRUE
SHP0144;2024-09-21;2024-09-27;2024-10-02;2024-10-08;5;6;FALSE
SHP0145;2024-09-14;2024-09-23;2024-10-11;2024-10-12;18;1;TRUE
SHP0146;2024-04-05;2024-04-12;2024-05-11;2024-05-15;29;4;FALSE
SHP0147;2023-01-27;2023-01-31;2023-03-13;2023-03-17;41;4;FALSE
SHP0148;2024-05-17;2024-05-20;2024-06-13;2024-06-15;24;2;TRUE
SHP0149;2024-12-27;2025-01-06;2025-01-15;2025-01-20;9;5;FALSE
SHP0150;2023-08-31;2023-09-09;2023-10-22;2023-10-23;43;1;TRUE
SHP0151;2024-05-05;2024-05-13;2024-06-16;2024-06-23;34;7;FALSE
SHP0152;2024-07-18;2024-07-22;2024-07-29;2024-08-05;7;7;FALSE
SHP0153;2024-12-27;2025-01-03;2025-01-28;2025-02-02;25;5;FALSE
SHP0154;2023-04-06;2023-04-10;2023-05-14;2023-05-19;34;5;FALSE
SHP0155;2023-09-29;2023-10-04;2023-11-11;2023-11-18;38;7;FALSE
SHP0156;2024-12-02;2024-12-08;2024-12-17;2024-12-21;9;4;FALSE
SHP0157;2023-11-17;2023-11-24;2024-01-08;2024-01-14;45;6;FALSE
SHP0158;2024-04-22;2024-04-28;2024-04-30;2024-05-04;2;4;FALSE
SHP0159;2024-08-14;2024-08-21;2024-10-01;2024-10-03;41;2;TRUE
SHP0160;2024-04-13;2024-04-18;2024-05-13;2024-05-18;25;5;FALSE
SHP0161;2024-03-17;2024-03-23;2024-03-26;2024-04-01;3;6;FALSE
SHP0162;2024-01-07;2024-01-13;2024-02-17;2024-02-18;35;1;TRUE
SHP0163;2023-12-14;2023-12-21;2024-01-25;2024-02-01;35;7;FALSE
SHP0164;2024-04-30;2024-05-09;2024-06-12;2024-06-14;34;2;TRUE
SHP0165;2024-08-30;2024-09-09;2024-09-13;2024-09-20;4;7;FALSE
SHP0166;2023-11-12;2023-11-14;2023-12-27;2024-01-01;43;5;FALSE
SHP0167;2024-09-26;2024-10-04;2024-11-15;2024-11-17;42;2;TRUE
SHP0168;2024-03-04;2024-03-12;2024-04-03;2024-04-09;22;6;FALSE
SHP0169;2024-05-04;2024-05-12;2024-06-15;2024-06-18;34;3;TRUE
SHP0170;2023-07-16;2023-07-22;2023-08-16;2023-08-21;25;5;FALSE
SHP0171;2023-10-08;2023-10-11;2023-11-07;2023-11-12;27;5;FALSE
SHP0172;2023-12-21;2023-12-27;2024-01-28;2024-02-03;32;6;FALSE
SHP0173;2024-09-22;2024-09-27;2024-10-03;2024-10-04;6;1;TRUE
SHP0174;2023-04-13;2023-04-17;2023-04-24;2023-04-25;7;1;TRUE
SHP0175;2023-11-25;2023-11-27;2023-12-04;2023-12-11;7;7;FALSE
SHP0176;2023-07-10;2023-07-16;2023-08-26;2023-08-27;41;1;TRUE
SHP0177;2023-05-18;2023-05-24;2023-06-03;2023-06-05;10;2;TRUE
SHP0178;2024-08-04;2024-08-08;2024-08-14;2024-08-19;6;5;FALSE
SHP0179;2024-05-03;2024-05-08;2024-05-12;2024-05-13;4;1;TRUE
SHP0180;2024-10-31;2024-11-05;2024-11-13;2024-11-14;8;1;TRUE
SHP0181;2024-01-12;2024-01-17;2024-01-23;2024-01-25;6;2;TRUE
SHP0182;2023-08-12;2023-08-17;2023-09-06;2023-09-12;20;6;FALSE
SHP0183;2023-04-25;2023-05-05;2023-05-08;2023-05-13;3;5;FALSE
SHP0184;2024-05-15;2024-05-25;2024-06-14;2024-06-18;20;4;FALSE
SHP0185;2023-01-23;2023-01-29;2023-02-03;2023-02-10;5;7;FALSE
SHP0186;2023-03-12;2023-03-14;2023-03-24;2023-03-27;10;3;TRUE
SHP0187;2024-11-30;2024-12-10;2024-12-17;2024-12-19;7;2;TRUE
SHP0188;2023-08-17;2023-08-19;2023-08-21;2023-08-24;2;3;TRUE
SHP0189;2023-10-10;2023-10-13;2023-11-06;2023-11-07;24;1;TRUE
SHP0190;2024-09-04;2024-09-06;2024-10-15;2024-10-17;39;2;TRUE
SHP0191;2024-08-12;2024-08-19;2024-09-16;2024-09-18;28;2;TRUE
SHP0192;2023-06-29;2023-07-07;2023-08-14;2023-08-19;38;5;FALSE
SHP0193;2023-11-04;2023-11-08;2023-11-17;2023-11-24;9;7;FALSE
SHP0194;2024-07-24;2024-07-28;2024-08-31;2024-09-04;34;4;FALSE
SHP0195;2024-01-22;2024-01-24;2024-01-31;2024-02-07;7;7;FALSE
SHP0196;2023-05-01;2023-05-10;2023-06-20;2023-06-22;41;2;TRUE
SHP0197;2024-06-30;2024-07-07;2024-07-25;2024-07-28;18;3;TRUE
SHP0198;2024-01-15;2024-01-23;2024-02-05;2024-02-06;13;1;TRUE
SHP0199;2023-10-30;2023-11-04;2023-11-07;2023-11-10;3;3;TRUE
SHP0200;2024-05-17;2024-05-21;2024-06-22;2024-06-28;32;6;FALSE
SHP0201;2024-06-20;2024-06-23;2024-07-12;2024-07-19;19;7;FALSE
SHP0202;2024-06-01;2024-06-08;2024-07-10;2024-07-11;32;1;TRUE
SHP0203;2023-01-18;2023-01-24;2023-01-30;2023-02-04;6;5;FALSE
SHP0204;2023-09-04;2023-09-14;2023-10-08;2023-10-11;24;3;TRUE
SHP0205;2023-08-20;2023-08-23;2023-08-27;2023-09-02;4;6;FALSE
SHP0206;2024-10-14;2024-10-18;2024-10-20;2024-10-21;2;1;TRUE
SHP0207;2024-12-09;2024-12-18;2024-12-24;2024-12-27;6;3;TRUE
SHP0208;2024-08-24;2024-09-01;2024-09-23;2024-09-24;22;1;TRUE
SHP0209;2023-03-22;2023-03-29;2023-04-14;2023-04-15;16;1;TRUE
SHP0210;2023-12-01;2023-12-07;2023-12-15;2023-12-22;8;7;FALSE
SHP0211;2023-03-29;2023-04-04;2023-05-16;2023-05-23;42;7;FALSE
SHP0212;2023-04-20;2023-04-22;2023-04-26;2023-04-29;4;3;TRUE
SHP0213;2024-06-08;2024-06-11;2024-06-16;2024-06-17;5;1;TRUE
SHP0214;2024-07-26;2024-08-05;2024-08-08;2024-08-10;3;2;TRUE
SHP0215;2023-06-21;2023-06-27;2023-07-28;2023-08-01;31;4;FALSE
SHP0216;2023-07-20;2023-07-23;2023-08-02;2023-08-04;10;2;TRUE
SHP0217;2024-08-31;2024-09-06;2024-09-09;2024-09-12;3;3;TRUE
SHP0218;2024-12-12;2024-12-21;2024-12-28;2025-01-02;7;5;FALSE
SHP0219;2023-07-24;2023-08-03;2023-09-08;2023-09-10;36;2;TRUE
SHP0220;2024-11-20;2024-11-24;2024-12-09;2024-12-15;15;6;FALSE
SHP0221;2024-02-15;2024-02-25;2024-03-02;2024-03-09;6;7;FALSE
SHP0222;2023-12-30;2024-01-01;2024-01-24;2024-01-29;23;5;FALSE
SHP0223;2024-06-06;2024-06-16;2024-07-27;2024-08-01;41;5;FALSE
SHP0224;2023-06-04;2023-06-06;2023-06-19;2023-06-23;13;4;FALSE
SHP0225;2024-06-17;2024-06-24;2024-07-27;2024-07-31;33;4;FALSE
SHP0226;2024-10-25;2024-10-29;2024-11-19;2024-11-25;21;6;FALSE
SHP0227;2024-10-06;2024-10-10;2024-10-13;2024-10-19;3;6;FALSE
SHP0228;2023-07-30;2023-08-02;2023-08-06;2023-08-11;4;5;FALSE
SHP0229;2024-05-16;2024-05-23;2024-05-29;2024-06-03;6;5;FALSE
SHP0230;2024-11-20;2024-11-26;2025-01-05;2025-01-10;40;5;FALSE
SHP0231;2023-05-25;2023-06-02;2023-07-06;2023-07-10;34;4;FALSE
SHP0232;2023-06-27;2023-07-06;2023-07-11;2023-07-14;5;3;TRUE
SHP0233;2023-05-20;2023-05-28;2023-06-08;2023-06-13;11;5;FALSE
SHP0234;2023-08-14;2023-08-16;2023-09-12;2023-09-15;27;3;TRUE
SHP0235;2023-04-26;2023-05-02;2023-05-06;2023-05-13;4;7;FALSE
SHP0236;2023-09-11;2023-09-13;2023-09-17;2023-09-21;4;4;FALSE
SHP0237;2024-12-28;2025-01-05;2025-02-11;2025-02-13;37;2;TRUE
SHP0238;2023-06-22;2023-06-28;2023-07-02;2023-07-05;4;3;TRUE
SHP0239;2023-09-13;2023-09-20;2023-10-12;2023-10-19;22;7;FALSE
SHP0240;2024-01-20;2024-01-23;2024-02-02;2024-02-08;10;6;FALSE
SHP0241;2023-01-03;2023-01-06;2023-01-13;2023-01-19;7;6;FALSE
SHP0242;2024-05-21;2024-05-28;2024-06-23;2024-06-30;26;7;FALSE
SHP0243;2024-10-03;2024-10-05;2024-10-15;2024-10-16;10;1;TRUE
SHP0244;2024-10-27;2024-10-31;2024-11-04;2024-11-11;4;7;FALSE
SHP0245;2024-10-02;2024-10-07;2024-10-14;2024-10-18;7;4;FALSE
SHP0246;2024-11-27;2024-11-29;2024-12-31;2025-01-01;32;1;TRUE
SHP0247;2023-04-15;2023-04-22;2023-05-13;2023-05-16;21;3;TRUE
SHP0248;2024-09-16;2024-09-20;2024-10-28;2024-11-01;38;4;FALSE
SHP0249;2023-03-30;2023-04-03;2023-04-07;2023-04-14;4;7;FALSE
SHP0250;2023-09-12;2023-09-18;2023-10-23;2023-10-30;35;7;FALSE
SHP0251;2024-02-06;2024-02-08;2024-02-12;2024-02-19;4;7;FALSE
SHP0252;2023-03-14;2023-03-16;2023-04-19;2023-04-22;34;3;TRUE
SHP0253;2023-01-18;2023-01-21;2023-02-07;2023-02-08;17;1;TRUE
SHP0254;2024-03-09;2024-03-17;2024-04-26;2024-04-27;40;1;TRUE
SHP0255;2023-06-09;2023-06-16;2023-07-21;2023-07-25;35;4;FALSE
SHP0256;2023-04-29;2023-05-01;2023-06-02;2023-06-05;32;3;TRUE
SHP0257;2023-12-22;2023-12-26;2024-01-02;2024-01-05;7;3;TRUE
SHP0258;2023-03-07;2023-03-10;2023-03-22;2023-03-26;12;4;FALSE
SHP0259;2024-08-10;2024-08-13;2024-09-21;2024-09-23;39;2;TRUE
SHP0260;2023-06-03;2023-06-05;2023-06-28;2023-07-03;23;5;FALSE
SHP0261;2024-08-08;2024-08-11;2024-08-15;2024-08-20;4;5;FALSE
SHP0262;2023-10-17;2023-10-23;2023-12-04;2023-12-07;42;3;TRUE
SHP0263;2023-09-06;2023-09-13;2023-09-28;2023-10-03;15;5;FALSE
SHP0264;2024-07-08;2024-07-10;2024-08-08;2024-08-11;29;3;TRUE
SHP0265;2023-05-26;2023-06-01;2023-07-11;2023-07-12;40;1;TRUE
SHP0266;2024-06-01;2024-06-09;2024-06-12;2024-06-13;3;1;TRUE
SHP0267;2024-02-07;2024-02-14;2024-03-25;2024-03-28;40;3;TRUE
SHP0268;2024-04-22;2024-04-30;2024-05-28;2024-05-29;28;1;TRUE
SHP0269;2024-12-03;2024-12-05;2025-01-01;2025-01-03;27;2;TRUE
SHP0270;2023-09-24;2023-09-26;2023-09-29;2023-10-03;3;4;FALSE
SHP0271;2023-03-05;2023-03-10;2023-03-30;2023-04-01;20;2;TRUE
SHP0272;2023-01-23;2023-01-28;2023-01-30;2023-02-05;2;6;FALSE
SHP0273;2024-08-10;2024-08-18;2024-09-18;2024-09-22;31;4;FALSE
SHP0274;2023-02-05;2023-02-10;2023-03-19;2023-03-25;37;6;FALSE
SHP0275;2024-10-20;2024-10-25;2024-10-31;2024-11-06;6;6;FALSE
SHP0276;2024-05-29;2024-06-06;2024-06-10;2024-06-13;4;3;TRUE
SHP0277;2024-08-21;2024-08-25;2024-09-05;2024-09-06;11;1;TRUE
SHP0278;2024-08-29;2024-09-05;2024-10-03;2024-10-08;28;5;FALSE
SHP0279;2023-02-08;2023-02-10;2023-02-12;2023-02-14;2;2;TRUE
SHP0280;2023-07-01;2023-07-08;2023-08-20;2023-08-21;43;1;TRUE
SHP0281;2024-02-10;2024-02-13;2024-03-20;2024-03-23;36;3;TRUE
SHP0282;2024-07-29;2024-08-03;2024-08-11;2024-08-17;8;6;FALSE
SHP0283;2024-12-19;2024-12-27;2025-02-01;2025-02-08;36;7;FALSE
SHP0284;2024-08-02;2024-08-11;2024-08-20;2024-08-22;9;2;TRUE
SHP0285;2024-11-17;2024-11-24;2025-01-01;2025-01-05;38;4;FALSE
SHP0286;2023-02-19;2023-02-28;2023-03-30;2023-04-05;30;6;FALSE
SHP0287;2024-05-05;2024-05-10;2024-06-22;2024-06-24;43;2;TRUE
SHP0288;2023-06-24;2023-06-28;2023-07-28;2023-08-03;30;6;FALSE
SHP0289;2023-06-18;2023-06-26;2023-07-02;2023-07-04;6;2;TRUE
SHP0290;2024-07-07;2024-07-13;2024-07-20;2024-07-23;7;3;TRUE
SHP0291;2024-01-05;2024-01-13;2024-01-21;2024-01-22;8;1;TRUE
SHP0292;2023-03-25;2023-03-28;2023-04-30;2023-05-03;33;3;TRUE
SHP0293;2024-01-14;2024-01-23;2024-02-15;2024-02-16;23;1;TRUE
SHP0294;2023-12-19;2023-12-29;2024-02-10;2024-02-14;43;4;FALSE
SHP0295;2024-12-04;2024-12-09;2024-12-24;2024-12-28;15;4;FALSE
SHP0296;2023-05-31;2023-06-09;2023-06-18;2023-06-20;9;2;TRUE
SHP0297;2023-07-26;2023-07-30;2023-08-06;2023-08-13;7;7;FALSE
SHP0298;2024-06-16;2024-06-18;2024-06-23;2024-06-30;5;7;FALSE
SHP0299;2023-04-13;2023-04-16;2023-05-07;2023-05-14;21;7;FALSE
SHP0300;2024-04-29;2024-05-03;2024-05-06;2024-05-09;3;3;TRUE
SHP0301;2024-05-01;2024-05-08;2024-05-15;2024-05-16;7;1;TRUE
SHP0302;2023-05-18;2023-05-27;2023-06-08;2023-06-15;12;7;FALSE
SHP0303;2024-05-11;2024-05-18;2024-05-24;2024-05-31;6;7;FALSE
SHP0304;2023-01-30;2023-02-04;2023-02-27;2023-03-06;23;7;FALSE
SHP0305;2024-04-20;2024-04-23;2024-05-02;2024-05-08;9;6;FALSE
SHP0306;2023-09-22;2023-09-25;2023-10-02;2023-10-05;7;3;TRUE
SHP0307;2024-11-29;2024-12-08;2024-12-26;2024-12-28;18;2;TRUE
SHP0308;2024-10-20;2024-10-28;2024-11-09;2024-11-13;12;4;FALSE
SHP0309;2024-02-11;2024-02-14;2024-03-21;2024-03-22;36;1;TRUE
SHP0310;2024-05-08;2024-05-15;2024-06-04;2024-06-07;20;3;TRUE
SHP0311;2023-02-28;2023-03-08;2023-04-20;2023-04-26;43;6;FALSE
SHP0312;2023-02-06;2023-02-11;2023-02-17;2023-02-20;6;3;TRUE
SHP0313;2024-11-04;2024-11-08;2024-11-14;2024-11-17;6;3;TRUE
SHP0314;2023-08-17;2023-08-25;2023-09-01;2023-09-08;7;7;FALSE
SHP0315;2023-03-14;2023-03-19;2023-04-21;2023-04-26;33;5;FALSE
SHP0316;2024-08-06;2024-08-10;2024-09-11;2024-09-14;32;3;TRUE
SHP0317;2023-10-08;2023-10-12;2023-11-05;2023-11-10;24;5;FALSE
SHP0318;2024-05-03;2024-05-05;2024-05-14;2024-05-15;9;1;TRUE
SHP0319;2023-09-12;2023-09-19;2023-10-14;2023-10-17;25;3;TRUE
SHP0320;2023-11-02;2023-11-11;2023-12-08;2023-12-14;27;6;FALSE
SHP0321;2023-06-18;2023-06-20;2023-06-25;2023-06-27;5;2;TRUE
SHP0322;2024-10-28;2024-10-30;2024-12-12;2024-12-16;43;4;FALSE
SHP0323;2024-10-31;2024-11-02;2024-11-04;2024-11-10;2;6;FALSE
SHP0324;2023-07-30;2023-08-01;2023-09-10;2023-09-13;40;3;TRUE
SHP0325;2024-09-24;2024-09-30;2024-10-02;2024-10-03;2;1;TRUE
SHP0326;2023-07-26;2023-08-03;2023-08-16;2023-08-19;13;3;TRUE
SHP0327;2023-04-24;2023-05-03;2023-06-16;2023-06-18;44;2;TRUE
SHP0328;2023-02-21;2023-02-25;2023-02-27;2023-03-06;2;7;FALSE
SHP0329;2024-11-10;2024-11-14;2024-12-02;2024-12-05;18;3;TRUE
SHP0330;2024-04-12;2024-04-20;2024-05-16;2024-05-22;26;6;FALSE
SHP0331;2024-08-27;2024-09-05;2024-09-20;2024-09-22;15;2;TRUE
SHP0332;2023-03-06;2023-03-13;2023-04-08;2023-04-09;26;1;TRUE
SHP0333;2024-11-08;2024-11-17;2024-11-23;2024-11-26;6;3;TRUE
SHP0334;2024-05-22;2024-05-26;2024-07-10;2024-07-11;45;1;TRUE
SHP0335;2024-02-17;2024-02-22;2024-04-06;2024-04-07;44;1;TRUE
SHP0336;2024-10-31;2024-11-03;2024-11-21;2024-11-25;18;4;FALSE
SHP0337;2024-07-29;2024-08-07;2024-08-13;2024-08-16;6;3;TRUE
SHP0338;2024-11-03;2024-11-12;2024-11-25;2024-11-26;13;1;TRUE
SHP0339;2023-04-19;2023-04-23;2023-04-25;2023-04-29;2;4;FALSE
SHP0340;2023-08-09;2023-08-14;2023-09-15;2023-09-21;32;6;FALSE
SHP0341;2024-05-25;2024-06-04;2024-06-06;2024-06-12;2;6;FALSE
SHP0342;2024-11-04;2024-11-11;2024-12-18;2024-12-23;37;5;FALSE
SHP0343;2023-05-22;2023-06-01;2023-07-02;2023-07-05;31;3;TRUE
SHP0344;2024-12-04;2024-12-08;2025-01-06;2025-01-12;29;6;FALSE
SHP0345;2024-12-28;2025-01-07;2025-01-12;2025-01-15;5;3;TRUE
SHP0346;2024-11-17;2024-11-22;2024-12-11;2024-12-14;19;3;TRUE
SHP0347;2023-07-28;2023-08-07;2023-08-27;2023-08-28;20;1;TRUE
SHP0348;2023-02-18;2023-02-26;2023-03-03;2023-03-07;5;4;FALSE
SHP0349;2024-03-29;2024-04-05;2024-04-11;2024-04-18;6;7;FALSE
SHP0350;2024-06-10;2024-06-18;2024-07-09;2024-07-10;21;1;TRUE
SHP0351;2023-06-08;2023-06-12;2023-07-01;2023-07-04;19;3;TRUE
SHP0352;2023-11-22;2023-11-27;2023-12-31;2024-01-02;34;2;TRUE
SHP0353;2023-08-07;2023-08-14;2023-08-21;2023-08-24;7;3;TRUE
SHP0354;2024-10-19;2024-10-21;2024-10-27;2024-11-02;6;6;FALSE
SHP0355;2024-01-19;2024-01-28;2024-02-07;2024-02-08;10;1;TRUE
SHP0356;2024-10-03;2024-10-08;2024-10-28;2024-11-03;20;6;FALSE
SHP0357;2024-12-03;2024-12-05;2024-12-08;2024-12-12;3;4;FALSE
SHP0358;2024-08-11;2024-08-16;2024-09-29;2024-10-02;44;3;TRUE
SHP0359;2024-07-01;2024-07-04;2024-07-22;2024-07-29;18;7;FALSE
SHP0360;2023-11-05;2023-11-08;2023-12-15;2023-12-18;37;3;TRUE
SHP0361;2023-05-20;2023-05-28;2023-06-04;2023-06-11;7;7;FALSE
SHP0362;2023-02-12;2023-02-20;2023-02-22;2023-02-27;2;5;FALSE
SHP0363;2024-06-08;2024-06-12;2024-07-04;2024-07-06;22;2;TRUE
SHP0364;2024-07-16;2024-07-26;2024-08-05;2024-08-06;10;1;TRUE
SHP0365;2024-01-01;2024-01-06;2024-01-11;2024-01-12;5;1;TRUE
SHP0366;2024-12-11;2024-12-15;2025-01-20;2025-01-25;36;5;FALSE
SHP0367;2024-10-18;2024-10-24;2024-11-24;2024-12-01;31;7;FALSE
SHP0368;2023-04-22;2023-04-25;2023-05-18;2023-05-25;23;7;FALSE
SHP0369;2024-08-18;2024-08-26;2024-10-01;2024-10-08;36;7;FALSE
SHP0370;2024-01-10;2024-01-15;2024-01-20;2024-01-27;5;7;FALSE
SHP0371;2023-01-11;2023-01-16;2023-02-24;2023-03-03;39;7;FALSE
SHP0372;2024-11-06;2024-11-10;2024-12-25;2024-12-31;45;6;FALSE
SHP0373;2023-02-13;2023-02-18;2023-03-29;2023-04-03;39;5;FALSE
SHP0374;2024-06-17;2024-06-23;2024-06-30;2024-07-05;7;5;FALSE
SHP0375;2024-01-21;2024-01-31;2024-02-03;2024-02-07;3;4;FALSE
SHP0376;2023-08-24;2023-09-03;2023-09-05;2023-09-11;2;6;FALSE
SHP0377;2023-04-27;2023-05-06;2023-05-16;2023-05-20;10;4;FALSE
SHP0378;2023-05-18;2023-05-28;2023-07-05;2023-07-06;38;1;TRUE
SHP0379;2023-01-20;2023-01-26;2023-02-02;2023-02-03;7;1;TRUE
SHP0380;2024-08-19;2024-08-23;2024-09-12;2024-09-17;20;5;FALSE
SHP0381;2023-05-16;2023-05-18;2023-06-08;2023-06-10;21;2;TRUE
SHP0382;2024-09-06;2024-09-16;2024-10-05;2024-10-10;19;5;FALSE
SHP0383;2024-01-15;2024-01-25;2024-02-02;2024-02-06;8;4;FALSE
SHP0384;2024-05-03;2024-05-08;2024-06-19;2024-06-26;42;7;FALSE
SHP0385;2023-05-01;2023-05-09;2023-05-12;2023-05-18;3;6;FALSE
SHP0386;2024-07-02;2024-07-09;2024-07-14;2024-07-19;5;5;FALSE
SHP0387;2024-07-22;2024-07-28;2024-08-02;2024-08-05;5;3;TRUE
SHP0388;2024-06-04;2024-06-11;2024-06-16;2024-06-23;5;7;FALSE
SHP0389;2024-04-27;2024-05-05;2024-05-22;2024-05-23;17;1;TRUE
SHP0390;2023-10-21;2023-10-23;2023-10-30;2023-11-06;7;7;FALSE
SHP0391;2024-06-06;2024-06-11;2024-07-15;2024-07-20;34;5;FALSE
SHP0392;2024-02-09;2024-02-14;2024-03-15;2024-03-20;30;5;FALSE
SHP0393;2023-12-23;2023-12-29;2024-01-06;2024-01-08;8;2;TRUE
SHP0394;2024-07-26;2024-08-05;2024-08-25;2024-08-28;20;3;TRUE
SHP0395;2024-03-29;2024-04-07;2024-04-21;2024-04-28;14;7;FALSE
SHP0396;2023-09-22;2023-09-30;2023-10-09;2023-10-15;9;6;FALSE
SHP0397;2024-12-18;2024-12-24;2025-02-06;2025-02-08;44;2;TRUE
SHP0398;2023-08-12;2023-08-18;2023-09-23;2023-09-25;36;2;TRUE
SHP0399;2023-07-31;2023-08-05;2023-08-11;2023-08-18;6;7;FALSE
SHP0400;2024-07-08;2024-07-17;2024-07-20;2024-07-23;3;3;TRUE
SHP0401;2023-08-16;2023-08-20;2023-10-01;2023-10-02;42;1;TRUE
SHP0402;2024-12-16;2024-12-25;2025-01-10;2025-01-13;16;3;TRUE
SHP0403;2023-09-23;2023-10-03;2023-10-26;2023-10-29;23;3;TRUE
SHP0404;2024-01-17;2024-01-25;2024-01-29;2024-02-01;4;3;TRUE
SHP0405;2024-07-22;2024-07-30;2024-08-08;2024-08-10;9;2;TRUE
SHP0406;2024-06-13;2024-06-20;2024-06-26;2024-07-03;6;7;FALSE
SHP0407;2023-03-03;2023-03-09;2023-03-12;2023-03-16;3;4;FALSE
SHP0408;2023-12-19;2023-12-27;2023-12-29;2023-12-30;2;1;TRUE
SHP0409;2024-11-20;2024-11-29;2025-01-02;2025-01-09;34;7;FALSE
SHP0410;2024-10-17;2024-10-25;2024-11-02;2024-11-08;8;6;FALSE
SHP0411;2023-10-26;2023-11-01;2023-12-11;2023-12-16;40;5;FALSE
SHP0412;2023-07-08;2023-07-12;2023-07-14;2023-07-20;2;6;FALSE
SHP0413;2024-07-15;2024-07-17;2024-08-05;2024-08-12;19;7;FALSE
SHP0414;2023-11-13;2023-11-18;2023-12-13;2023-12-19;25;6;FALSE
SHP0415;2024-05-02;2024-05-12;2024-06-13;2024-06-16;32;3;TRUE
SHP0416;2024-10-17;2024-10-24;2024-10-31;2024-11-04;7;4;FALSE
SHP0417;2023-01-01;2023-01-05;2023-02-08;2023-02-11;34;3;TRUE
SHP0418;2024-09-03;2024-09-05;2024-09-30;2024-10-05;25;5;FALSE
SHP0419;2023-08-14;2023-08-17;2023-08-24;2023-08-28;7;4;FALSE
SHP0420;2023-07-06;2023-07-12;2023-07-15;2023-07-16;3;1;TRUE
SHP0421;2023-02-20;2023-02-22;2023-03-29;2023-03-31;35;2;TRUE
SHP0422;2023-08-11;2023-08-19;2023-09-16;2023-09-19;28;3;TRUE
SHP0423;2024-02-06;2024-02-16;2024-03-07;2024-03-11;20;4;FALSE
SHP0424;2023-09-11;2023-09-13;2023-10-02;2023-10-04;19;2;TRUE
SHP0425;2023-02-13;2023-02-23;2023-04-05;2023-04-10;41;5;FALSE
SHP0426;2024-10-10;2024-10-17;2024-11-17;2024-11-18;31;1;TRUE
SHP0427;2024-05-01;2024-05-05;2024-06-14;2024-06-17;40;3;TRUE
SHP0428;2023-03-03;2023-03-10;2023-03-13;2023-03-19;3;6;FALSE
SHP0429;2023-12-22;2023-12-31;2024-02-12;2024-02-18;43;6;FALSE
SHP0430;2024-07-26;2024-08-05;2024-09-01;2024-09-07;27;6;FALSE
SHP0431;2023-06-14;2023-06-24;2023-07-03;2023-07-05;9;2;TRUE
SHP0432;2024-09-26;2024-10-01;2024-10-05;2024-10-08;4;3;TRUE
SHP0433;2023-10-17;2023-10-25;2023-11-07;2023-11-13;13;6;FALSE
SHP0434;2024-05-12;2024-05-15;2024-05-26;2024-05-27;11;1;TRUE
SHP0435;2024-01-11;2024-01-14;2024-01-20;2024-01-21;6;1;TRUE
SHP0436;2024-03-01;2024-03-03;2024-03-16;2024-03-23;13;7;FALSE
SHP0437;2023-08-25;2023-09-02;2023-09-08;2023-09-10;6;2;TRUE
SHP0438;2023-04-19;2023-04-28;2023-05-06;2023-05-12;8;6;FALSE
SHP0439;2023-06-11;2023-06-20;2023-06-26;2023-06-29;6;3;TRUE
SHP0440;2024-07-30;2024-08-04;2024-08-20;2024-08-24;16;4;FALSE
SHP0441;2023-10-19;2023-10-21;2023-10-27;2023-11-01;6;5;FALSE
SHP0442;2023-10-10;2023-10-20;2023-11-24;2023-11-29;35;5;FALSE
SHP0443;2024-01-11;2024-01-16;2024-02-21;2024-02-23;36;2;TRUE
SHP0444;2023-06-27;2023-06-30;2023-07-10;2023-07-15;10;5;FALSE
SHP0445;2023-08-21;2023-08-23;2023-10-03;2023-10-09;41;6;FALSE
SHP0446;2023-06-03;2023-06-13;2023-07-11;2023-07-17;28;6;FALSE
SHP0447;2023-10-24;2023-10-28;2023-11-02;2023-11-04;5;2;TRUE
SHP0448;2024-12-15;2024-12-19;2025-01-10;2025-01-14;22;4;FALSE
SHP0449;2024-03-16;2024-03-19;2024-04-16;2024-04-17;28;1;TRUE
SHP0450;2023-06-23;2023-07-02;2023-07-06;2023-07-11;4;5;FALSE
SHP0451;2023-02-25;2023-03-01;2023-03-12;2023-03-19;11;7;FALSE
SHP0452;2023-12-06;2023-12-16;2024-01-09;2024-01-11;24;2;TRUE
SHP0453;2024-11-15;2024-11-23;2024-11-26;2024-12-01;3;5;FALSE
SHP0454;2024-09-24;2024-09-26;2024-10-22;2024-10-26;26;4;FALSE
SHP0455;2023-01-20;2023-01-28;2023-02-04;2023-02-06;7;2;TRUE
SHP0456;2024-05-27;2024-06-06;2024-06-11;2024-06-17;5;6;FALSE
SHP0457;2024-12-01;2024-12-08;2024-12-16;2024-12-22;8;6;FALSE
SHP0458;2023-08-19;2023-08-26;2023-09-05;2023-09-09;10;4;FALSE
SHP0459;2024-03-12;2024-03-19;2024-03-23;2024-03-27;4;4;FALSE
SHP0460;2024-12-23;2024-12-27;2025-01-12;2025-01-16;16;4;FALSE
SHP0461;2023-05-02;2023-05-09;2023-06-01;2023-06-08;23;7;FALSE
SHP0462;2023-10-08;2023-10-13;2023-11-04;2023-11-05;22;1;TRUE
SHP0463;2024-09-02;2024-09-07;2024-09-10;2024-09-16;3;6;FALSE
SHP0464;2024-05-18;2024-05-22;2024-05-27;2024-05-29;5;2;TRUE
SHP0465;2023-03-09;2023-03-18;2023-03-23;2023-03-30;5;7;FALSE
SHP0466;2024-01-25;2024-02-01;2024-02-20;2024-02-24;19;4;FALSE
SHP0467;2024-06-15;2024-06-23;2024-06-29;2024-07-05;6;6;FALSE
SHP0468;2024-04-17;2024-04-25;2024-04-28;2024-05-01;3;3;TRUE
SHP0469;2024-08-22;2024-08-30;2024-09-04;2024-09-08;5;4;FALSE
SHP0470;2024-10-26;2024-10-30;2024-12-09;2024-12-15;40;6;FALSE
SHP0471;2024-06-07;2024-06-11;2024-07-18;2024-07-22;37;4;FALSE
SHP0472;2023-02-22;2023-02-28;2023-03-31;2023-04-03;31;3;TRUE
SHP0473;2023-09-17;2023-09-26;2023-10-14;2023-10-18;18;4;FALSE
SHP0474;2024-04-09;2024-04-18;2024-05-19;2024-05-20;31;1;TRUE
SHP0475;2024-10-30;2024-11-01;2024-11-30;2024-12-02;29;2;TRUE
SHP0476;2024-11-19;2024-11-29;2024-12-26;2024-12-28;27;2;TRUE
SHP0477;2023-03-11;2023-03-19;2023-04-30;2023-05-07;42;7;FALSE
SHP0478;2024-12-13;2024-12-15;2024-12-18;2024-12-19;3;1;TRUE
SHP0479;2023-09-23;2023-09-30;2023-10-06;2023-10-08;6;2;TRUE
SHP0480;2023-05-02;2023-05-11;2023-05-29;2023-06-04;18;6;FALSE
SHP0481;2024-10-14;2024-10-16;2024-11-09;2024-11-15;24;6;FALSE
SHP0482;2023-04-27;2023-05-04;2023-05-11;2023-05-14;7;3;TRUE
SHP0483;2024-05-05;2024-05-07;2024-05-22;2024-05-28;15;6;FALSE
SHP0484;2023-02-27;2023-03-05;2023-03-11;2023-03-16;6;5;FALSE
SHP0485;2023-12-29;2024-01-02;2024-01-22;2024-01-25;20;3;TRUE
SHP0486;2023-04-30;2023-05-07;2023-05-11;2023-05-17;4;6;FALSE
SHP0487;2023-11-06;2023-11-09;2023-11-19;2023-11-22;10;3;TRUE
SHP0488;2023-06-07;2023-06-14;2023-06-25;2023-06-29;11;4;FALSE
SHP0489;2023-02-07;2023-02-15;2023-02-25;2023-03-03;10;6;FALSE
SHP0490;2023-12-08;2023-12-10;2023-12-20;2023-12-21;10;1;TRUE
SHP0491;2023-07-17;2023-07-23;2023-07-30;2023-08-04;7;5;FALSE
SHP0492;2024-07-27;2024-07-30;2024-09-02;2024-09-04;34;2;TRUE
SHP0493;2024-09-19;2024-09-29;2024-10-27;2024-10-31;28;4;FALSE
SHP0494;2024-12-22;2024-12-31;2025-02-06;2025-02-11;37;5;FALSE
SHP0495;2024-04-24;2024-05-03;2024-05-05;2024-05-08;2;3;TRUE
SHP0496;2024-02-06;2024-02-13;2024-03-07;2024-03-14;23;7;FALSE
SHP0497;2023-06-24;2023-07-01;2023-07-28;2023-08-02;27;5;FALSE
SHP0498;2024-06-29;2024-07-07;2024-07-17;2024-07-22;10;5;FALSE
SHP0499;2024-08-28;2024-09-05;2024-10-06;2024-10-11;31;5;FALSE
SHP0500;2024-09-02;2024-09-09;2024-09-24;2024-09-29;15;5;FALSE
SHP0501;2023-12-02;2023-12-04;2024-01-06;2024-01-07;33;1;TRUE
SHP0502;2024-08-14;2024-08-19;2024-08-24;2024-08-26;5;2;TRUE
SHP0503;2024-02-18;2024-02-24;2024-02-27;2024-02-28;3;1;TRUE
SHP0504;2023-08-29;2023-09-06;2023-10-07;2023-10-13;31;6;FALSE
SHP0505;2024-05-01;2024-05-06;2024-05-09;2024-05-14;3;5;FALSE
SHP0506;2023-01-17;2023-01-26;2023-02-17;2023-02-23;22;6;FALSE
SHP0507;2024-09-10;2024-09-14;2024-09-28;2024-10-02;14;4;FALSE
SHP0508;2024-08-14;2024-08-19;2024-09-21;2024-09-27;33;6;FALSE
SHP0509;2024-12-22;2024-12-25;2025-01-23;2025-01-28;29;5;FALSE
SHP0510;2023-04-01;2023-04-10;2023-04-13;2023-04-19;3;6;FALSE
SHP0511;2024-07-01;2024-07-10;2024-07-12;2024-07-16;2;4;FALSE
SHP0512;2024-09-03;2024-09-09;2024-10-20;2024-10-26;41;6;FALSE
SHP0513;2023-10-26;2023-10-28;2023-12-10;2023-12-13;43;3;TRUE
SHP0514;2023-10-09;2023-10-15;2023-11-29;2023-11-30;45;1;TRUE
SHP0515;2024-06-24;2024-06-26;2024-08-10;2024-08-13;45;3;TRUE
SHP0516;2023-06-21;2023-06-28;2023-07-22;2023-07-23;24;1;TRUE
SHP0517;2024-06-29;2024-07-07;2024-07-10;2024-07-16;3;6;FALSE
SHP0518;2023-11-20;2023-11-22;2023-12-26;2023-12-27;34;1;TRUE
SHP0519;2023-09-19;2023-09-27;2023-11-04;2023-11-08;38;4;FALSE
SHP0520;2023-01-11;2023-01-13;2023-02-21;2023-02-28;39;7;FALSE
SHP0521;2023-02-04;2023-02-07;2023-02-10;2023-02-11;3;1;TRUE
SHP0522;2024-11-03;2024-11-07;2024-12-19;2024-12-20;42;1;TRUE
SHP0523;2023-11-28;2023-12-02;2023-12-14;2023-12-21;12;7;FALSE
SHP0524;2023-07-02;2023-07-05;2023-08-06;2023-08-10;32;4;FALSE
SHP0525;2023-08-12;2023-08-15;2023-09-21;2023-09-25;37;4;FALSE
SHP0526;2023-06-02;2023-06-04;2023-06-22;2023-06-23;18;1;TRUE
SHP0527;2024-02-18;2024-02-21;2024-02-28;2024-03-04;7;5;FALSE
SHP0528;2024-02-15;2024-02-18;2024-03-08;2024-03-11;19;3;TRUE
SHP0529;2024-11-07;2024-11-13;2024-12-07;2024-12-13;24;6;FALSE
SHP0530;2023-07-17;2023-07-22;2023-07-25;2023-07-29;3;4;FALSE
SHP0531;2023-12-12;2023-12-14;2024-01-26;2024-01-30;43;4;FALSE
SHP0532;2023-05-25;2023-05-27;2023-06-29;2023-07-03;33;4;FALSE
SHP0533;2023-04-10;2023-04-14;2023-05-16;2023-05-23;32;7;FALSE
SHP0534;2023-07-27;2023-08-03;2023-08-17;2023-08-24;14;7;FALSE
SHP0535;2023-02-16;2023-02-20;2023-02-26;2023-03-01;6;3;TRUE
SHP0536;2023-02-11;2023-02-14;2023-03-08;2023-03-15;22;7;FALSE
SHP0537;2024-12-24;2024-12-30;2025-02-06;2025-02-10;38;4;FALSE
SHP0538;2024-02-26;2024-03-01;2024-03-07;2024-03-12;6;5;FALSE
SHP0539;2023-08-30;2023-09-02;2023-09-26;2023-10-01;24;5;FALSE
SHP0540;2024-12-02;2024-12-11;2025-01-25;2025-01-29;45;4;FALSE
SHP0541;2024-09-23;2024-10-02;2024-11-14;2024-11-15;43;1;TRUE
SHP0542;2024-03-31;2024-04-07;2024-04-13;2024-04-17;6;4;FALSE
SHP0543;2024-02-27;2024-03-03;2024-04-17;2024-04-21;45;4;FALSE
SHP0544;2024-09-16;2024-09-20;2024-10-22;2024-10-26;32;4;FALSE
SHP0545;2024-08-05;2024-08-11;2024-08-30;2024-09-01;19;2;TRUE
SHP0546;2024-09-10;2024-09-14;2024-09-24;2024-09-29;10;5;FALSE
SHP0547;2024-04-18;2024-04-20;2024-05-02;2024-05-08;12;6;FALSE
SHP0548;2023-01-06;2023-01-08;2023-02-08;2023-02-09;31;1;TRUE
SHP0549;2023-09-04;2023-09-14;2023-09-16;2023-09-23;2;7;FALSE
SHP0550;2024-11-16;2024-11-20;2024-12-17;2024-12-23;27;6;FALSE
SHP0551;2024-10-03;2024-10-05;2024-10-20;2024-10-27;15;7;FALSE
SHP0552;2024-07-09;2024-07-14;2024-07-20;2024-07-27;6;7;FALSE
SHP0553;2024-04-21;2024-04-23;2024-05-30;2024-06-02;37;3;TRUE
SHP0554;2024-10-26;2024-10-31;2024-12-03;2024-12-10;33;7;FALSE
SHP0555;2023-03-06;2023-03-13;2023-03-17;2023-03-21;4;4;FALSE
SHP0556;2024-11-20;2024-11-23;2025-01-02;2025-01-04;40;2;TRUE
SHP0557;2023-04-25;2023-04-29;2023-06-08;2023-06-12;40;4;FALSE
SHP0558;2024-03-30;2024-04-01;2024-05-12;2024-05-15;41;3;TRUE
SHP0559;2023-12-01;2023-12-11;2023-12-16;2023-12-23;5;7;FALSE
SHP0560;2023-08-21;2023-08-28;2023-09-12;2023-09-15;15;3;TRUE
SHP0561;2023-10-20;2023-10-24;2023-10-27;2023-11-03;3;7;FALSE
SHP0562;2024-03-27;2024-04-03;2024-04-29;2024-05-01;26;2;TRUE
SHP0563;2023-11-05;2023-11-07;2023-11-09;2023-11-13;2;4;FALSE
SHP0564;2024-10-24;2024-11-02;2024-11-09;2024-11-12;7;3;TRUE
SHP0565;2023-02-11;2023-02-21;2023-02-26;2023-02-27;5;1;TRUE
SHP0566;2023-07-19;2023-07-29;2023-09-03;2023-09-05;36;2;TRUE
SHP0567;2023-03-31;2023-04-08;2023-04-14;2023-04-16;6;2;TRUE
SHP0568;2024-01-17;2024-01-23;2024-01-26;2024-01-29;3;3;TRUE
SHP0569;2024-03-10;2024-03-18;2024-04-06;2024-04-08;19;2;TRUE
SHP0570;2024-08-27;2024-09-04;2024-09-24;2024-09-25;20;1;TRUE
SHP0571;2023-07-24;2023-08-01;2023-08-04;2023-08-07;3;3;TRUE
SHP0572;2023-01-03;2023-01-09;2023-01-12;2023-01-15;3;3;TRUE
SHP0573;2024-10-22;2024-10-24;2024-11-18;2024-11-19;25;1;TRUE
SHP0574;2023-09-22;2023-10-01;2023-10-08;2023-10-14;7;6;FALSE
SHP0575;2024-12-10;2024-12-17;2025-01-08;2025-01-10;22;2;TRUE
SHP0576;2024-10-05;2024-10-08;2024-10-11;2024-10-16;3;5;FALSE
SHP0577;2023-05-28;2023-06-01;2023-06-19;2023-06-24;18;5;FALSE
SHP0578;2023-07-12;2023-07-22;2023-09-03;2023-09-08;43;5;FALSE
SHP0579;2024-05-06;2024-05-12;2024-06-10;2024-06-16;29;6;FALSE
SHP0580;2023-05-02;2023-05-06;2023-05-31;2023-06-07;25;7;FALSE
SHP0581;2023-04-25;2023-04-27;2023-05-17;2023-05-24;20;7;FALSE
SHP0582;2024-04-25;2024-05-01;2024-05-22;2024-05-23;21;1;TRUE
SHP0583;2023-07-09;2023-07-16;2023-08-24;2023-08-25;39;1;TRUE
SHP0584;2024-09-19;2024-09-29;2024-10-24;2024-10-29;25;5;FALSE
SHP0585;2023-01-05;2023-01-08;2023-02-18;2023-02-20;41;2;TRUE
SHP0586;2024-01-24;2024-01-29;2024-02-03;2024-02-08;5;5;FALSE
SHP0587;2024-12-22;2025-01-01;2025-01-05;2025-01-11;4;6;FALSE
SHP0588;2023-08-20;2023-08-28;2023-09-03;2023-09-06;6;3;TRUE
SHP0589;2024-02-10;2024-02-20;2024-03-23;2024-03-29;32;6;FALSE
SHP0590;2023-06-22;2023-06-29;2023-07-03;2023-07-05;4;2;TRUE
SHP0591;2024-08-18;2024-08-26;2024-09-02;2024-09-05;7;3;TRUE
SHP0592;2023-09-14;2023-09-23;2023-10-26;2023-10-28;33;2;TRUE
SHP0593;2023-01-28;2023-02-05;2023-02-15;2023-02-20;10;5;FALSE
SHP0594;2024-05-19;2024-05-28;2024-07-10;2024-07-12;43;2;TRUE
SHP0595;2024-03-16;2024-03-24;2024-03-26;2024-03-30;2;4;FALSE
SHP0596;2023-11-07;2023-11-11;2023-12-21;2023-12-25;40;4;FALSE
SHP0597;2024-12-02;2024-12-11;2024-12-17;2024-12-21;6;4;FALSE
SHP0598;2023-12-28;2024-01-04;2024-01-08;2024-01-09;4;1;TRUE
SHP0599;2023-12-16;2023-12-19;2024-01-02;2024-01-06;14;4;FALSE
SHP0600;2024-10-25;2024-10-28;2024-11-04;2024-11-10;7;6;FALSE
SHP0601;2024-03-08;2024-03-18;2024-04-23;2024-04-27;36;4;FALSE
SHP0602;2024-08-09;2024-08-18;2024-08-20;2024-08-21;2;1;TRUE
SHP0603;2023-07-26;2023-07-29;2023-08-03;2023-08-10;5;7;FALSE
SHP0604;2023-04-05;2023-04-08;2023-04-15;2023-04-20;7;5;FALSE
SHP0605;2024-10-29;2024-11-08;2024-11-12;2024-11-19;4;7;FALSE
SHP0606;2024-11-18;2024-11-28;2025-01-09;2025-01-11;42;2;TRUE
SHP0607;2024-06-29;2024-07-01;2024-07-10;2024-07-15;9;5;FALSE
SHP0608;2024-02-25;2024-02-28;2024-03-07;2024-03-13;8;6;FALSE
SHP0609;2023-06-03;2023-06-05;2023-06-29;2023-07-01;24;2;TRUE
SHP0610;2023-07-26;2023-08-01;2023-08-04;2023-08-06;3;2;TRUE
SHP0611;2023-02-26;2023-03-05;2023-03-09;2023-03-14;4;5;FALSE
SHP0612;2024-08-07;2024-08-17;2024-08-24;2024-08-25;7;1;TRUE
SHP0613;2023-12-04;2023-12-12;2023-12-18;2023-12-25;6;7;FALSE
SHP0614;2024-02-23;2024-02-25;2024-03-22;2024-03-26;26;4;FALSE
SHP0615;2024-01-07;2024-01-14;2024-01-19;2024-01-26;5;7;FALSE
SHP0616;2024-12-18;2024-12-21;2024-12-25;2024-12-30;4;5;FALSE
SHP0617;2023-11-01;2023-11-05;2023-11-29;2023-12-03;24;4;FALSE
SHP0618;2024-02-27;2024-03-06;2024-03-19;2024-03-26;13;7;FALSE
SHP0619;2024-07-14;2024-07-21;2024-08-31;2024-09-04;41;4;FALSE
SHP0620;2023-11-09;2023-11-12;2023-12-10;2023-12-11;28;1;TRUE
SHP0621;2023-05-17;2023-05-21;2023-05-25;2023-05-31;4;6;FALSE
SHP0622;2024-01-22;2024-01-27;2024-02-02;2024-02-03;6;1;TRUE
SHP0623;2024-09-24;2024-09-30;2024-10-31;2024-11-02;31;2;TRUE
SHP0624;2024-05-21;2024-05-26;2024-06-04;2024-06-10;9;6;FALSE
SHP0625;2024-09-06;2024-09-12;2024-10-06;2024-10-12;24;6;FALSE
SHP0626;2023-09-12;2023-09-21;2023-10-20;2023-10-21;29;1;TRUE
SHP0627;2023-09-20;2023-09-23;2023-09-27;2023-10-02;4;5;FALSE
SHP0628;2023-02-16;2023-02-22;2023-02-25;2023-03-02;3;5;FALSE
SHP0629;2023-09-24;2023-10-04;2023-10-07;2023-10-11;3;4;FALSE
SHP0630;2023-11-17;2023-11-21;2023-11-23;2023-11-27;2;4;FALSE
SHP0631;2024-06-13;2024-06-21;2024-07-19;2024-07-21;28;2;TRUE
SHP0632;2023-07-07;2023-07-16;2023-08-04;2023-08-07;19;3;TRUE
SHP0633;2024-05-19;2024-05-23;2024-06-13;2024-06-14;21;1;TRUE
SHP0634;2024-08-22;2024-08-24;2024-09-04;2024-09-09;11;5;FALSE
SHP0635;2023-12-03;2023-12-09;2023-12-17;2023-12-23;8;6;FALSE
SHP0636;2023-03-25;2023-04-03;2023-05-05;2023-05-09;32;4;FALSE
SHP0637;2024-08-05;2024-08-10;2024-09-01;2024-09-08;22;7;FALSE
SHP0638;2023-09-19;2023-09-24;2023-09-27;2023-10-04;3;7;FALSE
SHP0639;2024-05-17;2024-05-25;2024-07-07;2024-07-13;43;6;FALSE
SHP0640;2024-02-02;2024-02-08;2024-02-13;2024-02-18;5;5;FALSE
SHP0641;2024-06-09;2024-06-18;2024-06-22;2024-06-28;4;6;FALSE
SHP0642;2023-03-23;2023-04-01;2023-05-14;2023-05-17;43;3;TRUE
SHP0643;2023-03-20;2023-03-30;2023-04-18;2023-04-19;19;1;TRUE
SHP0644;2023-01-17;2023-01-26;2023-02-16;2023-02-18;21;2;TRUE
SHP0645;2024-11-17;2024-11-23;2024-12-25;2024-12-28;32;3;TRUE
SHP0646;2023-04-19;2023-04-29;2023-05-08;2023-05-09;9;1;TRUE
SHP0647;2024-09-08;2024-09-17;2024-09-24;2024-09-27;7;3;TRUE
SHP0648;2023-04-25;2023-04-27;2023-06-10;2023-06-16;44;6;FALSE
SHP0649;2023-11-05;2023-11-09;2023-11-14;2023-11-18;5;4;FALSE
SHP0650;2024-08-22;2024-08-27;2024-08-30;2024-09-02;3;3;TRUE
SHP0651;2024-08-15;2024-08-17;2024-08-24;2024-08-28;7;4;FALSE
SHP0652;2024-07-20;2024-07-26;2024-08-15;2024-08-21;20;6;FALSE
SHP0653;2023-10-22;2023-10-31;2023-11-06;2023-11-09;6;3;TRUE
SHP0654;2024-10-30;2024-11-06;2024-12-17;2024-12-24;41;7;FALSE
SHP0655;2023-05-13;2023-05-18;2023-05-23;2023-05-25;5;2;TRUE
SHP0656;2024-01-03;2024-01-10;2024-02-05;2024-02-11;26;6;FALSE
SHP0657;2024-07-29;2024-08-07;2024-09-01;2024-09-04;25;3;TRUE
SHP0658;2023-04-17;2023-04-19;2023-05-29;2023-06-02;40;4;FALSE
SHP0659;2023-02-12;2023-02-15;2023-03-03;2023-03-05;16;2;TRUE
SHP0660;2023-04-12;2023-04-19;2023-04-29;2023-05-02;10;3;TRUE
SHP0661;2023-12-16;2023-12-26;2024-01-07;2024-01-09;12;2;TRUE
SHP0662;2023-05-22;2023-05-30;2023-06-19;2023-06-23;20;4;FALSE
SHP0663;2023-03-13;2023-03-20;2023-03-29;2023-04-01;9;3;TRUE
SHP0664;2023-03-01;2023-03-09;2023-03-16;2023-03-20;7;4;FALSE
SHP0665;2024-09-17;2024-09-25;2024-10-05;2024-10-09;10;4;FALSE
SHP0666;2023-12-09;2023-12-13;2024-01-12;2024-01-17;30;5;FALSE
SHP0667;2023-06-13;2023-06-15;2023-06-17;2023-06-24;2;7;FALSE
SHP0668;2024-01-17;2024-01-27;2024-01-31;2024-02-03;4;3;TRUE
SHP0669;2023-08-30;2023-09-06;2023-09-12;2023-09-15;6;3;TRUE
SHP0670;2023-07-17;2023-07-24;2023-09-06;2023-09-10;44;4;FALSE
SHP0671;2024-04-01;2024-04-08;2024-04-10;2024-04-16;2;6;FALSE
SHP0672;2024-05-16;2024-05-20;2024-05-29;2024-05-31;9;2;TRUE
SHP0673;2023-08-06;2023-08-15;2023-08-30;2023-08-31;15;1;TRUE
SHP0674;2023-10-24;2023-11-03;2023-11-22;2023-11-24;19;2;TRUE
SHP0675;2024-03-07;2024-03-13;2024-04-01;2024-04-04;19;3;TRUE
SHP0676;2024-03-03;2024-03-09;2024-04-11;2024-04-16;33;5;FALSE
SHP0677;2024-04-16;2024-04-25;2024-06-06;2024-06-12;42;6;FALSE
SHP0678;2023-12-14;2023-12-16;2023-12-22;2023-12-28;6;6;FALSE
SHP0679;2023-05-07;2023-05-12;2023-05-16;2023-05-21;4;5;FALSE
SHP0680;2023-05-04;2023-05-14;2023-06-01;2023-06-03;18;2;TRUE
SHP0681;2024-09-13;2024-09-21;2024-09-25;2024-09-30;4;5;FALSE
SHP0682;2023-11-21;2023-11-27;2023-12-02;2023-12-03;5;1;TRUE
SHP0683;2024-02-22;2024-02-26;2024-04-05;2024-04-06;39;1;TRUE
SHP0684;2023-11-28;2023-12-06;2024-01-01;2024-01-08;26;7;FALSE
SHP0685;2024-01-30;2024-02-05;2024-02-07;2024-02-08;2;1;TRUE
SHP0686;2023-10-03;2023-10-08;2023-10-12;2023-10-19;4;7;FALSE
SHP0687;2024-05-27;2024-05-31;2024-06-03;2024-06-06;3;3;TRUE
SHP0688;2024-04-20;2024-04-26;2024-05-02;2024-05-08;6;6;FALSE
SHP0689;2024-01-25;2024-01-30;2024-02-03;2024-02-08;4;5;FALSE
SHP0690;2024-02-09;2024-02-12;2024-02-19;2024-02-26;7;7;FALSE
SHP0691;2023-12-17;2023-12-23;2023-12-30;2024-01-06;7;7;FALSE
SHP0692;2023-01-17;2023-01-21;2023-03-02;2023-03-08;40;6;FALSE
SHP0693;2024-07-05;2024-07-08;2024-07-10;2024-07-15;2;5;FALSE
SHP0694;2023-07-01;2023-07-03;2023-07-23;2023-07-24;20;1;TRUE
SHP0695;2024-01-02;2024-01-05;2024-01-16;2024-01-23;11;7;FALSE
SHP0696;2024-12-21;2024-12-26;2025-02-04;2025-02-05;40;1;TRUE
SHP0697;2023-07-18;2023-07-22;2023-07-29;2023-07-30;7;1;TRUE
SHP0698;2023-01-24;2023-02-03;2023-02-10;2023-02-15;7;5;FALSE
SHP0699;2023-10-08;2023-10-18;2023-10-27;2023-10-31;9;4;FALSE
SHP0700;2023-01-06;2023-01-11;2023-01-16;2023-01-19;5;3;TRUE
SHP0701;2023-11-15;2023-11-18;2023-12-08;2023-12-09;20;1;TRUE
SHP0702;2023-12-08;2023-12-13;2023-12-19;2023-12-20;6;1;TRUE
SHP0703;2024-01-22;2024-01-25;2024-02-22;2024-02-29;28;7;FALSE
SHP0704;2024-11-24;2024-12-04;2024-12-07;2024-12-08;3;1;TRUE
SHP0705;2024-11-06;2024-11-08;2024-11-25;2024-11-29;17;4;FALSE
SHP0706;2023-04-21;2023-04-23;2023-04-25;2023-04-30;2;5;FALSE
SHP0707;2024-09-27;2024-10-01;2024-11-02;2024-11-04;32;2;TRUE
SHP0708;2024-07-08;2024-07-12;2024-07-15;2024-07-19;3;4;FALSE
SHP0709;2024-06-03;2024-06-11;2024-06-14;2024-06-17;3;3;TRUE
SHP0710;2024-04-23;2024-04-30;2024-05-08;2024-05-13;8;5;FALSE
SHP0711;2023-01-04;2023-01-09;2023-01-27;2023-02-02;18;6;FALSE
SHP0712;2024-01-07;2024-01-10;2024-01-28;2024-01-31;18;3;TRUE
SHP0713;2023-02-14;2023-02-19;2023-03-09;2023-03-11;18;2;TRUE
SHP0714;2023-06-30;2023-07-06;2023-08-19;2023-08-20;44;1;TRUE
SHP0715;2024-01-14;2024-01-21;2024-03-04;2024-03-10;43;6;FALSE
SHP0716;2024-01-23;2024-01-30;2024-03-10;2024-03-13;40;3;TRUE
SHP0717;2023-12-02;2023-12-04;2023-12-29;2024-01-04;25;6;FALSE
SHP0718;2024-06-04;2024-06-14;2024-06-28;2024-07-01;14;3;TRUE
SHP0719;2024-08-18;2024-08-20;2024-08-29;2024-08-31;9;2;TRUE
SHP0720;2024-01-19;2024-01-29;2024-02-02;2024-02-03;4;1;TRUE
SHP0721;2024-09-28;2024-10-06;2024-10-10;2024-10-14;4;4;FALSE
SHP0722;2023-09-29;2023-10-02;2023-11-09;2023-11-12;38;3;TRUE
SHP0723;2024-07-13;2024-07-20;2024-08-13;2024-08-15;24;2;TRUE
SHP0724;2024-07-10;2024-07-12;2024-07-19;2024-07-26;7;7;FALSE
SHP0725;2024-06-08;2024-06-12;2024-07-02;2024-07-09;20;7;FALSE
SHP0726;2024-04-24;2024-05-03;2024-05-10;2024-05-13;7;3;TRUE
SHP0727;2023-01-31;2023-02-04;2023-02-08;2023-02-13;4;5;FALSE
SHP0728;2024-02-18;2024-02-28;2024-04-10;2024-04-13;42;3;TRUE
SHP0729;2024-09-09;2024-09-17;2024-10-24;2024-10-28;37;4;FALSE
SHP0730;2024-08-06;2024-08-12;2024-09-13;2024-09-14;32;1;TRUE
SHP0731;2024-01-31;2024-02-05;2024-03-03;2024-03-05;27;2;TRUE
SHP0732;2024-02-25;2024-02-29;2024-03-05;2024-03-06;5;1;TRUE
SHP0733;2024-12-27;2025-01-05;2025-01-23;2025-01-25;18;2;TRUE
SHP0734;2023-03-07;2023-03-15;2023-04-28;2023-05-03;44;5;FALSE
SHP0735;2024-04-12;2024-04-18;2024-05-17;2024-05-21;29;4;FALSE
SHP0736;2024-11-05;2024-11-08;2024-11-11;2024-11-15;3;4;FALSE
SHP0737;2023-08-11;2023-08-19;2023-08-29;2023-09-05;10;7;FALSE
SHP0738;2023-06-18;2023-06-23;2023-07-05;2023-07-10;12;5;FALSE
SHP0739;2023-01-11;2023-01-14;2023-01-26;2023-02-01;12;6;FALSE
SHP0740;2023-09-06;2023-09-15;2023-10-25;2023-10-27;40;2;TRUE
SHP0741;2023-05-08;2023-05-16;2023-05-22;2023-05-24;6;2;TRUE
SHP0742;2024-11-22;2024-11-27;2025-01-01;2025-01-05;35;4;FALSE
SHP0743;2024-01-22;2024-01-27;2024-03-09;2024-03-11;42;2;TRUE
SHP0744;2023-07-16;2023-07-19;2023-07-26;2023-07-28;7;2;TRUE
SHP0745;2023-11-27;2023-12-02;2023-12-08;2023-12-13;6;5;FALSE
SHP0746;2023-01-16;2023-01-23;2023-02-22;2023-02-23;30;1;TRUE
SHP0747;2024-02-25;2024-03-05;2024-04-01;2024-04-02;27;1;TRUE
SHP0748;2023-05-17;2023-05-21;2023-06-18;2023-06-24;28;6;FALSE
SHP0749;2024-04-04;2024-04-14;2024-05-14;2024-05-20;30;6;FALSE
SHP0750;2024-03-14;2024-03-19;2024-04-08;2024-04-13;20;5;FALSE
SHP0751;2023-09-01;2023-09-10;2023-09-17;2023-09-23;7;6;FALSE
SHP0752;2023-01-25;2023-02-01;2023-02-04;2023-02-07;3;3;TRUE
SHP0753;2024-10-06;2024-10-09;2024-10-11;2024-10-18;2;7;FALSE
SHP0754;2023-07-29;2023-08-08;2023-09-02;2023-09-03;25;1;TRUE
SHP0755;2023-10-20;2023-10-29;2023-12-04;2023-12-10;36;6;FALSE
SHP0756;2024-03-08;2024-03-16;2024-03-22;2024-03-29;6;7;FALSE
SHP0757;2024-09-01;2024-09-05;2024-09-21;2024-09-26;16;5;FALSE
SHP0758;2023-03-15;2023-03-19;2023-03-23;2023-03-29;4;6;FALSE
SHP0759;2024-03-01;2024-03-08;2024-03-17;2024-03-21;9;4;FALSE
SHP0760;2024-03-22;2024-03-29;2024-04-02;2024-04-07;4;5;FALSE
SHP0761;2023-02-05;2023-02-07;2023-02-15;2023-02-21;8;6;FALSE
SHP0762;2023-01-13;2023-01-16;2023-01-18;2023-01-24;2;6;FALSE
SHP0763;2023-11-06;2023-11-16;2023-12-20;2023-12-26;34;6;FALSE
SHP0764;2023-05-27;2023-06-01;2023-06-08;2023-06-14;7;6;FALSE
SHP0765;2024-11-01;2024-11-09;2024-12-06;2024-12-08;27;2;TRUE
SHP0766;2023-08-06;2023-08-11;2023-08-14;2023-08-15;3;1;TRUE
SHP0767;2023-06-20;2023-06-26;2023-06-30;2023-07-01;4;1;TRUE
SHP0768;2024-11-19;2024-11-21;2024-11-23;2024-11-24;2;1;TRUE
SHP0769;2024-06-16;2024-06-22;2024-07-12;2024-07-16;20;4;FALSE
SHP0770;2024-02-13;2024-02-15;2024-03-16;2024-03-19;30;3;TRUE
SHP0771;2023-05-06;2023-05-11;2023-05-18;2023-05-21;7;3;TRUE
SHP0772;2024-01-04;2024-01-06;2024-02-20;2024-02-27;45;7;FALSE
SHP0773;2023-12-23;2024-01-01;2024-01-06;2024-01-12;5;6;FALSE
SHP0774;2024-08-08;2024-08-18;2024-09-30;2024-10-01;43;1;TRUE
SHP0775;2024-07-07;2024-07-12;2024-07-15;2024-07-17;3;2;TRUE
SHP0776;2023-10-15;2023-10-21;2023-11-15;2023-11-21;25;6;FALSE
SHP0777;2024-08-12;2024-08-15;2024-09-26;2024-10-02;42;6;FALSE
SHP0778;2023-03-31;2023-04-03;2023-04-24;2023-04-27;21;3;TRUE
SHP0779;2023-01-02;2023-01-04;2023-01-16;2023-01-21;12;5;FALSE
SHP0780;2023-04-20;2023-04-22;2023-04-27;2023-05-02;5;5;FALSE
SHP0781;2024-11-12;2024-11-14;2024-12-29;2025-01-03;45;5;FALSE
SHP0782;2024-12-22;2024-12-24;2025-01-02;2025-01-09;9;7;FALSE
SHP0783;2023-11-03;2023-11-07;2023-11-25;2023-11-26;18;1;TRUE
SHP0784;2023-10-17;2023-10-22;2023-12-01;2023-12-07;40;6;FALSE
SHP0785;2023-06-17;2023-06-21;2023-07-08;2023-07-12;17;4;FALSE
SHP0786;2023-01-10;2023-01-13;2023-01-26;2023-02-01;13;6;FALSE
SHP0787;2023-07-03;2023-07-06;2023-07-25;2023-07-30;19;5;FALSE
SHP0788;2023-11-06;2023-11-10;2023-12-20;2023-12-26;40;6;FALSE
SHP0789;2023-05-03;2023-05-06;2023-05-10;2023-05-11;4;1;TRUE
SHP0790;2023-04-07;2023-04-11;2023-04-17;2023-04-21;6;4;FALSE
SHP0791;2024-07-04;2024-07-12;2024-08-04;2024-08-11;23;7;FALSE
SHP0792;2024-07-05;2024-07-08;2024-07-15;2024-07-22;7;7;FALSE
SHP0793;2023-05-06;2023-05-10;2023-05-29;2023-06-03;19;5;FALSE
SHP0794;2023-06-25;2023-06-27;2023-07-02;2023-07-04;5;2;TRUE
SHP0795;2024-06-19;2024-06-29;2024-07-03;2024-07-08;4;5;FALSE
SHP0796;2023-05-18;2023-05-28;2023-07-04;2023-07-06;37;2;TRUE
SHP0797;2024-02-14;2024-02-17;2024-03-20;2024-03-23;32;3;TRUE
SHP0798;2024-10-23;2024-10-30;2024-11-05;2024-11-10;6;5;FALSE
SHP0799;2024-09-10;2024-09-13;2024-09-24;2024-09-27;11;3;TRUE
SHP0800;2023-10-07;2023-10-12;2023-11-03;2023-11-06;22;3;TRUE
SHP0801;2024-08-25;2024-09-03;2024-10-17;2024-10-18;44;1;TRUE
SHP0802;2024-02-03;2024-02-10;2024-03-04;2024-03-11;23;7;FALSE
SHP0803;2023-06-09;2023-06-13;2023-07-22;2023-07-24;39;2;TRUE
SHP0804;2023-12-29;2024-01-08;2024-01-13;2024-01-16;5;3;TRUE
SHP0805;2024-10-11;2024-10-14;2024-10-16;2024-10-22;2;6;FALSE
SHP0806;2023-01-11;2023-01-21;2023-02-21;2023-02-27;31;6;FALSE
SHP0807;2024-12-20;2024-12-27;2025-01-31;2025-02-02;35;2;TRUE
SHP0808;2023-06-29;2023-07-06;2023-07-10;2023-07-17;4;7;FALSE
SHP0809;2024-11-26;2024-12-06;2024-12-31;2025-01-07;25;7;FALSE
SHP0810;2024-08-05;2024-08-10;2024-09-09;2024-09-12;30;3;TRUE
SHP0811;2024-04-16;2024-04-22;2024-05-20;2024-05-23;28;3;TRUE
SHP0812;2023-03-28;2023-04-07;2023-05-11;2023-05-13;34;2;TRUE
SHP0813;2024-01-09;2024-01-13;2024-01-18;2024-01-23;5;5;FALSE
SHP0814;2024-12-27;2024-12-30;2025-01-23;2025-01-25;24;2;TRUE
SHP0815;2023-09-30;2023-10-08;2023-10-12;2023-10-16;4;4;FALSE
SHP0816;2023-04-21;2023-04-25;2023-04-28;2023-04-30;3;2;TRUE
SHP0817;2024-03-20;2024-03-26;2024-03-31;2024-04-03;5;3;TRUE
SHP0818;2023-10-15;2023-10-21;2023-10-25;2023-10-31;4;6;FALSE
SHP0819;2024-10-06;2024-10-10;2024-10-17;2024-10-19;7;2;TRUE
SHP0820;2023-02-22;2023-03-02;2023-04-01;2023-04-06;30;5;FALSE
SHP0821;2024-10-21;2024-10-27;2024-10-29;2024-10-30;2;1;TRUE
SHP0822;2023-02-23;2023-03-02;2023-04-10;2023-04-12;39;2;TRUE
SHP0823;2023-12-09;2023-12-12;2024-01-08;2024-01-09;27;1;TRUE
SHP0824;2024-01-16;2024-01-22;2024-01-28;2024-01-30;6;2;TRUE
SHP0825;2023-07-15;2023-07-24;2023-08-17;2023-08-18;24;1;TRUE
SHP0826;2023-07-16;2023-07-26;2023-07-31;2023-08-06;5;6;FALSE
SHP0827;2024-06-20;2024-06-22;2024-06-28;2024-06-30;6;2;TRUE
SHP0828;2024-05-21;2024-05-31;2024-07-09;2024-07-16;39;7;FALSE
SHP0829;2023-10-06;2023-10-10;2023-10-21;2023-10-22;11;1;TRUE
SHP0830;2023-08-14;2023-08-20;2023-08-27;2023-09-01;7;5;FALSE
SHP0831;2024-10-19;2024-10-24;2024-11-18;2024-11-23;25;5;FALSE
SHP0832;2023-05-17;2023-05-23;2023-06-23;2023-06-26;31;3;TRUE
SHP0833;2024-11-04;2024-11-07;2024-12-22;2024-12-28;45;6;FALSE
SHP0834;2023-10-03;2023-10-11;2023-10-22;2023-10-24;11;2;TRUE
SHP0835;2023-07-09;2023-07-13;2023-08-26;2023-08-28;44;2;TRUE
SHP0836;2024-12-04;2024-12-09;2025-01-15;2025-01-16;37;1;TRUE
SHP0837;2024-01-22;2024-01-24;2024-02-23;2024-02-24;30;1;TRUE
SHP0838;2023-01-14;2023-01-16;2023-02-28;2023-03-07;43;7;FALSE
SHP0839;2023-06-17;2023-06-24;2023-06-28;2023-07-02;4;4;FALSE
SHP0840;2023-10-31;2023-11-10;2023-11-19;2023-11-26;9;7;FALSE
SHP0841;2023-10-21;2023-10-29;2023-11-01;2023-11-07;3;6;FALSE
SHP0842;2023-03-20;2023-03-27;2023-05-03;2023-05-04;37;1;TRUE
SHP0843;2024-09-06;2024-09-14;2024-10-07;2024-10-09;23;2;TRUE
SHP0844;2024-12-29;2024-12-31;2025-01-02;2025-01-09;2;7;FALSE
SHP0845;2023-04-26;2023-05-04;2023-05-10;2023-05-16;6;6;FALSE
SHP0846;2024-05-21;2024-05-30;2024-06-13;2024-06-19;14;6;FALSE
SHP0847;2024-06-30;2024-07-10;2024-07-15;2024-07-20;5;5;FALSE
SHP0848;2023-01-03;2023-01-05;2023-01-11;2023-01-14;6;3;TRUE
SHP0849;2023-05-28;2023-06-05;2023-06-21;2023-06-23;16;2;TRUE
SHP0850;2024-01-16;2024-01-19;2024-01-22;2024-01-28;3;6;FALSE
SHP0851;2023-01-13;2023-01-21;2023-02-26;2023-02-28;36;2;TRUE
SHP0852;2024-03-30;2024-04-01;2024-04-08;2024-04-11;7;3;TRUE
SHP0853;2024-11-27;2024-12-07;2025-01-08;2025-01-14;32;6;FALSE
SHP0854;2023-05-09;2023-05-14;2023-06-24;2023-06-28;41;4;FALSE
SHP0855;2024-10-30;2024-11-07;2024-11-25;2024-12-02;18;7;FALSE
SHP0856;2024-09-09;2024-09-16;2024-10-28;2024-10-29;42;1;TRUE
SHP0857;2023-07-26;2023-07-28;2023-09-04;2023-09-06;38;2;TRUE
SHP0858;2023-01-09;2023-01-15;2023-02-13;2023-02-17;29;4;FALSE
SHP0859;2024-05-30;2024-06-09;2024-06-30;2024-07-07;21;7;FALSE
SHP0860;2023-06-05;2023-06-14;2023-06-21;2023-06-22;7;1;TRUE
SHP0861;2024-10-29;2024-11-05;2024-11-11;2024-11-15;6;4;FALSE
SHP0862;2024-09-17;2024-09-21;2024-09-25;2024-09-30;4;5;FALSE
SHP0863;2024-04-10;2024-04-14;2024-04-27;2024-04-30;13;3;TRUE
SHP0864;2024-04-16;2024-04-25;2024-05-21;2024-05-24;26;3;TRUE
SHP0865;2024-02-15;2024-02-19;2024-02-24;2024-02-28;5;4;FALSE
SHP0866;2023-02-13;2023-02-15;2023-02-21;2023-02-27;6;6;FALSE
SHP0867;2023-03-16;2023-03-24;2023-03-27;2023-04-03;3;7;FALSE
SHP0868;2023-04-21;2023-04-29;2023-05-29;2023-05-31;30;2;TRUE
SHP0869;2024-05-02;2024-05-08;2024-05-10;2024-05-14;2;4;FALSE
SHP0870;2024-01-25;2024-02-01;2024-02-20;2024-02-27;19;7;FALSE
SHP0871;2023-03-27;2023-03-30;2023-04-21;2023-04-24;22;3;TRUE
SHP0872;2023-04-05;2023-04-12;2023-04-21;2023-04-28;9;7;FALSE
SHP0873;2024-12-14;2024-12-21;2024-12-26;2025-01-01;5;6;FALSE
SHP0874;2023-11-21;2023-11-25;2023-12-13;2023-12-17;18;4;FALSE
SHP0875;2024-04-06;2024-04-10;2024-05-24;2024-05-30;44;6;FALSE
SHP0876;2024-09-07;2024-09-12;2024-09-17;2024-09-20;5;3;TRUE
SHP0877;2024-12-17;2024-12-26;2025-01-28;2025-02-01;33;4;FALSE
SHP0878;2024-04-14;2024-04-21;2024-05-05;2024-05-07;14;2;TRUE
SHP0879;2023-04-12;2023-04-15;2023-04-19;2023-04-20;4;1;TRUE
SHP0880;2024-05-30;2024-06-01;2024-06-07;2024-06-13;6;6;FALSE
SHP0881;2023-05-08;2023-05-17;2023-06-15;2023-06-19;29;4;FALSE
SHP0882;2023-09-28;2023-10-06;2023-10-10;2023-10-16;4;6;FALSE
SHP0883;2024-09-06;2024-09-13;2024-10-11;2024-10-13;28;2;TRUE
SHP0884;2024-08-14;2024-08-18;2024-08-23;2024-08-29;5;6;FALSE
SHP0885;2024-12-28;2025-01-01;2025-02-13;2025-02-18;43;5;FALSE
SHP0886;2023-01-27;2023-01-29;2023-03-01;2023-03-07;31;6;FALSE
SHP0887;2023-05-14;2023-05-21;2023-06-22;2023-06-24;32;2;TRUE
SHP0888;2023-09-24;2023-09-26;2023-10-14;2023-10-17;18;3;TRUE
SHP0889;2023-05-26;2023-06-01;2023-06-05;2023-06-07;4;2;TRUE
SHP0890;2024-02-28;2024-03-08;2024-03-28;2024-04-03;20;6;FALSE
SHP0891;2023-01-11;2023-01-13;2023-01-23;2023-01-24;10;1;TRUE
SHP0892;2023-09-18;2023-09-23;2023-10-14;2023-10-19;21;5;FALSE
SHP0893;2023-01-31;2023-02-04;2023-03-04;2023-03-06;28;2;TRUE
SHP0894;2024-07-18;2024-07-24;2024-08-31;2024-09-04;38;4;FALSE
SHP0895;2024-12-04;2024-12-10;2025-01-24;2025-01-28;45;4;FALSE
SHP0896;2023-10-06;2023-10-09;2023-10-13;2023-10-18;4;5;FALSE
SHP0897;2024-08-23;2024-08-29;2024-09-29;2024-10-04;31;5;FALSE
SHP0898;2024-01-02;2024-01-05;2024-01-30;2024-02-01;25;2;TRUE
SHP0899;2023-08-07;2023-08-14;2023-08-24;2023-08-26;10;2;TRUE
SHP0900;2024-11-18;2024-11-26;2024-11-28;2024-12-04;2;6;FALSE
SHP0901;2023-10-09;2023-10-12;2023-10-26;2023-10-27;14;1;TRUE
SHP0902;2024-10-21;2024-10-23;2024-10-29;2024-11-02;6;4;FALSE
SHP0903;2023-03-13;2023-03-16;2023-04-18;2023-04-25;33;7;FALSE
SHP0904;2024-05-20;2024-05-22;2024-05-28;2024-06-01;6;4;FALSE
SHP0905;2023-01-11;2023-01-14;2023-02-05;2023-02-08;22;3;TRUE
SHP0906;2023-01-06;2023-01-08;2023-02-17;2023-02-20;40;3;TRUE
SHP0907;2023-10-04;2023-10-08;2023-11-17;2023-11-19;40;2;TRUE
SHP0908;2024-06-18;2024-06-27;2024-07-03;2024-07-09;6;6;FALSE
SHP0909;2024-12-29;2025-01-05;2025-01-25;2025-01-30;20;5;FALSE
SHP0910;2023-08-10;2023-08-18;2023-09-19;2023-09-21;32;2;TRUE
SHP0911;2024-12-26;2024-12-30;2025-01-04;2025-01-11;5;7;FALSE
SHP0912;2024-02-14;2024-02-17;2024-02-28;2024-03-02;11;3;TRUE
SHP0913;2024-04-16;2024-04-22;2024-04-27;2024-04-28;5;1;TRUE
SHP0914;2023-08-06;2023-08-14;2023-08-17;2023-08-22;3;5;FALSE
SHP0915;2023-07-18;2023-07-23;2023-08-19;2023-08-23;27;4;FALSE
SHP0916;2023-04-24;2023-04-27;2023-05-03;2023-05-04;6;1;TRUE
SHP0917;2024-12-17;2024-12-25;2025-02-03;2025-02-07;40;4;FALSE
SHP0918;2023-10-22;2023-10-28;2023-11-16;2023-11-22;19;6;FALSE
SHP0919;2023-09-02;2023-09-09;2023-09-14;2023-09-20;5;6;FALSE
SHP0920;2023-01-22;2023-01-28;2023-02-20;2023-02-21;23;1;TRUE
SHP0921;2024-04-28;2024-04-30;2024-05-02;2024-05-09;2;7;FALSE
SHP0922;2023-04-13;2023-04-20;2023-05-17;2023-05-21;27;4;FALSE
SHP0923;2023-12-28;2024-01-04;2024-01-31;2024-02-05;27;5;FALSE
SHP0924;2023-08-14;2023-08-21;2023-08-26;2023-08-30;5;4;FALSE
SHP0925;2023-10-08;2023-10-18;2023-11-25;2023-11-29;38;4;FALSE
SHP0926;2023-11-13;2023-11-15;2023-11-18;2023-11-23;3;5;FALSE
SHP0927;2023-01-09;2023-01-13;2023-01-28;2023-02-01;15;4;FALSE
SHP0928;2023-10-29;2023-11-07;2023-11-25;2023-11-26;18;1;TRUE
SHP0929;2023-01-01;2023-01-07;2023-01-26;2023-01-28;19;2;TRUE
SHP0930;2023-07-21;2023-07-24;2023-08-24;2023-08-27;31;3;TRUE
SHP0931;2023-09-25;2023-10-01;2023-10-05;2023-10-07;4;2;TRUE
SHP0932;2023-07-24;2023-07-30;2023-08-26;2023-08-27;27;1;TRUE
SHP0933;2024-06-23;2024-06-30;2024-07-15;2024-07-20;15;5;FALSE
SHP0934;2024-07-26;2024-08-03;2024-08-05;2024-08-06;2;1;TRUE
SHP0935;2024-08-02;2024-08-04;2024-08-31;2024-09-07;27;7;FALSE
SHP0936;2023-10-04;2023-10-07;2023-10-25;2023-10-28;18;3;TRUE
SHP0937;2024-08-21;2024-08-31;2024-09-18;2024-09-24;18;6;FALSE
SHP0938;2024-11-22;2024-11-28;2024-12-03;2024-12-09;5;6;FALSE
SHP0939;2024-09-10;2024-09-20;2024-10-11;2024-10-12;21;1;TRUE
SHP0940;2024-05-10;2024-05-15;2024-06-07;2024-06-14;23;7;FALSE
SHP0941;2024-11-04;2024-11-08;2024-12-03;2024-12-08;25;5;FALSE
SHP0942;2024-01-12;2024-01-20;2024-01-27;2024-01-31;7;4;FALSE
SHP0943;2024-02-03;2024-02-09;2024-02-27;2024-02-28;18;1;TRUE
SHP0944;2023-06-12;2023-06-22;2023-06-26;2023-07-03;4;7;FALSE
SHP0945;2023-06-05;2023-06-12;2023-06-16;2023-06-20;4;4;FALSE
SHP0946;2024-09-12;2024-09-16;2024-10-25;2024-10-30;39;5;FALSE
SHP0947;2024-02-18;2024-02-20;2024-02-22;2024-02-23;2;1;TRUE
SHP0948;2023-08-31;2023-09-04;2023-09-25;2023-10-01;21;6;FALSE
SHP0949;2023-03-16;2023-03-23;2023-04-24;2023-04-29;32;5;FALSE
SHP0950;2024-10-14;2024-10-19;2024-10-25;2024-10-28;6;3;TRUE
SHP0951;2023-03-30;2023-04-01;2023-04-18;2023-04-24;17;6;FALSE
SHP0952;2023-03-15;2023-03-19;2023-04-01;2023-04-07;13;6;FALSE
SHP0953;2024-01-01;2024-01-11;2024-01-28;2024-02-04;17;7;FALSE
SHP0954;2023-11-02;2023-11-05;2023-11-26;2023-11-30;21;4;FALSE
SHP0955;2024-01-02;2024-01-06;2024-01-15;2024-01-18;9;3;TRUE
SHP0956;2024-07-13;2024-07-16;2024-08-25;2024-08-30;40;5;FALSE
SHP0957;2023-03-02;2023-03-07;2023-03-10;2023-03-15;3;5;FALSE
SHP0958;2024-12-20;2024-12-22;2025-01-11;2025-01-14;20;3;TRUE
SHP0959;2024-05-23;2024-05-28;2024-07-01;2024-07-07;34;6;FALSE
SHP0960;2024-07-01;2024-07-09;2024-08-15;2024-08-21;37;6;FALSE
SHP0961;2024-03-13;2024-03-16;2024-03-21;2024-03-25;5;4;FALSE
SHP0962;2023-04-05;2023-04-07;2023-04-13;2023-04-15;6;2;TRUE
SHP0963;2023-07-04;2023-07-06;2023-08-02;2023-08-05;27;3;TRUE
SHP0964;2024-11-03;2024-11-06;2024-11-08;2024-11-11;2;3;TRUE
SHP0965;2023-10-27;2023-11-01;2023-11-08;2023-11-13;7;5;FALSE
SHP0966;2023-03-22;2023-03-26;2023-04-01;2023-04-08;6;7;FALSE
SHP0967;2024-10-27;2024-11-05;2024-12-17;2024-12-18;42;1;TRUE
SHP0968;2024-09-16;2024-09-25;2024-10-25;2024-10-26;30;1;TRUE
SHP0969;2024-11-07;2024-11-09;2024-12-06;2024-12-11;27;5;FALSE
SHP0970;2023-12-16;2023-12-24;2024-01-12;2024-01-19;19;7;FALSE
SHP0971;2024-04-19;2024-04-29;2024-05-08;2024-05-11;9;3;TRUE
SHP0972;2024-07-09;2024-07-16;2024-07-28;2024-08-02;12;5;FALSE
SHP0973;2024-11-07;2024-11-13;2024-12-11;2024-12-18;28;7;FALSE
SHP0974;2023-08-12;2023-08-14;2023-09-14;2023-09-19;31;5;FALSE
SHP0975;2023-05-11;2023-05-15;2023-06-09;2023-06-11;25;2;TRUE
SHP0976;2024-08-16;2024-08-18;2024-08-26;2024-08-31;8;5;FALSE
SHP0977;2023-12-25;2023-12-28;2023-12-30;2024-01-04;2;5;FALSE
SHP0978;2024-03-12;2024-03-16;2024-04-12;2024-04-13;27;1;TRUE
SHP0979;2023-06-14;2023-06-16;2023-06-20;2023-06-23;4;3;TRUE
SHP0980;2024-06-04;2024-06-11;2024-07-01;2024-07-03;20;2;TRUE
SHP0981;2024-08-11;2024-08-21;2024-09-28;2024-10-04;38;6;FALSE
SHP0982;2023-07-19;2023-07-25;2023-07-31;2023-08-02;6;2;TRUE
SHP0983;2024-03-31;2024-04-07;2024-04-16;2024-04-17;9;1;TRUE
SHP0984;2023-05-09;2023-05-14;2023-05-20;2023-05-27;6;7;FALSE
SHP0985;2024-02-23;2024-03-04;2024-04-04;2024-04-06;31;2;TRUE
SHP0986;2024-07-21;2024-07-30;2024-09-08;2024-09-14;40;6;FALSE
SHP0987;2024-02-02;2024-02-09;2024-03-11;2024-03-13;31;2;TRUE
SHP0988;2023-02-16;2023-02-23;2023-02-25;2023-03-01;2;4;FALSE
SHP0989;2024-08-26;2024-08-30;2024-09-03;2024-09-04;4;1;TRUE
SHP0990;2023-10-14;2023-10-17;2023-11-28;2023-11-30;42;2;TRUE
SHP0991;2023-08-04;2023-08-14;2023-09-14;2023-09-17;31;3;TRUE
SHP0992;2024-05-13;2024-05-18;2024-06-19;2024-06-21;32;2;TRUE
SHP0993;2023-06-22;2023-06-24;2023-07-12;2023-07-17;18;5;FALSE
SHP0994;2024-03-31;2024-04-04;2024-05-08;2024-05-15;34;7;FALSE
SHP0995;2023-10-13;2023-10-16;2023-10-23;2023-10-26;7;3;TRUE
SHP0996;2024-10-07;2024-10-17;2024-10-24;2024-10-30;7;6;FALSE
SHP0997;2024-07-25;2024-07-27;2024-07-30;2024-08-01;3;2;TRUE
SHP0998;2024-05-23;2024-05-27;2024-06-23;2024-06-25;27;2;TRUE
SHP0999;2024-12-28;2024-12-30;2025-01-02;2025-01-06;3;4;FALSE
SHP1000;2023-08-26;2023-09-04;2023-09-11;2023-09-15;7;4;FALSE
SHP1001;2024-03-05;2024-03-12;2024-04-13;2024-04-15;32;2;TRUE
SHP1002;2024-05-10;2024-05-18;2024-05-28;2024-06-03;10;6;FALSE
SHP1003;2023-11-22;2023-11-30;2023-12-14;2023-12-21;14;7;FALSE
SHP1004;2023-02-16;2023-02-25;2023-03-01;2023-03-05;4;4;FALSE
SHP1005;2024-09-11;2024-09-13;2024-09-19;2024-09-25;6;6;FALSE
SHP1006;2024-01-06;2024-01-10;2024-01-16;2024-01-23;6;7;FALSE
SHP1007;2023-09-12;2023-09-14;2023-10-02;2023-10-09;18;7;FALSE
SHP1008;2023-01-25;2023-01-30;2023-02-24;2023-02-25;25;1;TRUE
SHP1009;2024-05-31;2024-06-08;2024-06-27;2024-06-28;19;1;TRUE
SHP1010;2023-11-28;2023-12-08;2024-01-08;2024-01-14;31;6;FALSE
SHP1011;2023-04-06;2023-04-14;2023-04-17;2023-04-22;3;5;FALSE
SHP1012;2023-04-21;2023-04-26;2023-05-06;2023-05-11;10;5;FALSE
SHP1013;2023-12-07;2023-12-10;2023-12-13;2023-12-14;3;1;TRUE
SHP1014;2024-06-19;2024-06-24;2024-08-04;2024-08-05;41;1;TRUE
SHP1015;2023-01-06;2023-01-11;2023-02-06;2023-02-13;26;7;FALSE
SHP1016;2023-03-25;2023-04-02;2023-04-04;2023-04-10;2;6;FALSE
SHP1017;2023-02-09;2023-02-18;2023-03-21;2023-03-23;31;2;TRUE
SHP1018;2024-03-21;2024-03-27;2024-03-31;2024-04-05;4;5;FALSE
SHP1019;2024-09-20;2024-09-27;2024-11-06;2024-11-11;40;5;FALSE
SHP1020;2024-03-02;2024-03-06;2024-03-09;2024-03-13;3;4;FALSE
SHP1021;2023-03-04;2023-03-13;2023-03-19;2023-03-24;6;5;FALSE
SHP1022;2023-10-09;2023-10-17;2023-10-24;2023-10-29;7;5;FALSE
SHP1023;2023-06-06;2023-06-11;2023-06-15;2023-06-18;4;3;TRUE
SHP1024;2024-09-11;2024-09-20;2024-10-16;2024-10-18;26;2;TRUE
SHP1025;2023-11-28;2023-11-30;2023-12-20;2023-12-22;20;2;TRUE
SHP1026;2023-09-04;2023-09-12;2023-10-17;2023-10-21;35;4;FALSE
SHP1027;2023-08-08;2023-08-14;2023-09-06;2023-09-12;23;6;FALSE
SHP1028;2023-07-02;2023-07-09;2023-07-11;2023-07-18;2;7;FALSE
SHP1029;2023-01-11;2023-01-20;2023-02-13;2023-02-16;24;3;TRUE
SHP1030;2024-09-13;2024-09-15;2024-10-11;2024-10-17;26;6;FALSE
SHP1031;2024-04-27;2024-05-06;2024-06-12;2024-06-16;37;4;FALSE
SHP1032;2023-07-01;2023-07-04;2023-07-07;2023-07-11;3;4;FALSE
SHP1033;2023-10-12;2023-10-17;2023-12-01;2023-12-07;45;6;FALSE
SHP1034;2024-03-02;2024-03-04;2024-03-11;2024-03-12;7;1;TRUE
SHP1035;2023-07-23;2023-08-02;2023-08-09;2023-08-13;7;4;FALSE
SHP1036;2024-08-04;2024-08-07;2024-09-20;2024-09-25;44;5;FALSE
SHP1037;2023-06-23;2023-06-25;2023-08-07;2023-08-09;43;2;TRUE
SHP1038;2023-05-16;2023-05-18;2023-05-30;2023-06-03;12;4;FALSE
SHP1039;2023-10-07;2023-10-11;2023-11-04;2023-11-07;24;3;TRUE
SHP1040;2024-06-19;2024-06-23;2024-07-25;2024-07-26;32;1;TRUE
SHP1041;2024-11-29;2024-12-05;2025-01-17;2025-01-19;43;2;TRUE
SHP1042;2023-02-02;2023-02-12;2023-03-05;2023-03-11;21;6;FALSE
SHP1043;2023-02-04;2023-02-07;2023-02-11;2023-02-17;4;6;FALSE
SHP1044;2023-11-10;2023-11-19;2023-12-12;2023-12-17;23;5;FALSE
SHP1045;2023-09-16;2023-09-23;2023-10-01;2023-10-05;8;4;FALSE
SHP1046;2024-08-30;2024-09-03;2024-09-05;2024-09-10;2;5;FALSE
SHP1047;2023-04-03;2023-04-07;2023-04-14;2023-04-21;7;7;FALSE
SHP1048;2023-11-05;2023-11-08;2023-11-15;2023-11-17;7;2;TRUE
SHP1049;2023-06-13;2023-06-16;2023-06-29;2023-07-03;13;4;FALSE
SHP1050;2024-02-01;2024-02-08;2024-02-13;2024-02-20;5;7;FALSE
SHP1051;2023-12-22;2023-12-24;2023-12-29;2023-12-31;5;2;TRUE
SHP1052;2024-09-17;2024-09-25;2024-11-01;2024-11-02;37;1;TRUE
SHP1053;2023-12-14;2023-12-18;2024-01-17;2024-01-21;30;4;FALSE
SHP1054;2024-02-12;2024-02-22;2024-04-01;2024-04-08;39;7;FALSE
SHP1055;2024-06-03;2024-06-12;2024-07-12;2024-07-13;30;1;TRUE
SHP1056;2023-04-29;2023-05-08;2023-05-14;2023-05-19;6;5;FALSE
SHP1057;2024-01-28;2024-01-31;2024-03-16;2024-03-18;45;2;TRUE
SHP1058;2024-04-20;2024-04-22;2024-04-29;2024-04-30;7;1;TRUE
SHP1059;2023-12-12;2023-12-14;2023-12-21;2023-12-26;7;5;FALSE
SHP1060;2024-01-01;2024-01-03;2024-02-13;2024-02-18;41;5;FALSE
SHP1061;2024-10-10;2024-10-18;2024-11-20;2024-11-23;33;3;TRUE
SHP1062;2023-02-09;2023-02-12;2023-03-06;2023-03-10;22;4;FALSE
SHP1063;2024-10-30;2024-11-02;2024-12-13;2024-12-20;41;7;FALSE
SHP1064;2024-12-11;2024-12-18;2024-12-20;2024-12-25;2;5;FALSE
SHP1065;2023-07-05;2023-07-11;2023-07-18;2023-07-21;7;3;TRUE
SHP1066;2023-11-22;2023-11-27;2023-11-29;2023-12-01;2;2;TRUE
SHP1067;2024-08-25;2024-09-01;2024-10-02;2024-10-07;31;5;FALSE
SHP1068;2024-05-25;2024-06-04;2024-06-28;2024-07-04;24;6;FALSE
SHP1069;2023-03-27;2023-04-06;2023-04-12;2023-04-15;6;3;TRUE
SHP1070;2023-12-27;2024-01-04;2024-01-10;2024-01-14;6;4;FALSE
SHP1071;2024-09-13;2024-09-16;2024-09-18;2024-09-22;2;4;FALSE
SHP1072;2024-03-04;2024-03-10;2024-03-16;2024-03-19;6;3;TRUE
SHP1073;2024-05-21;2024-05-27;2024-06-01;2024-06-08;5;7;FALSE
SHP1074;2024-11-02;2024-11-05;2024-11-08;2024-11-12;3;4;FALSE
SHP1075;2024-09-26;2024-09-29;2024-10-05;2024-10-10;6;5;FALSE
SHP1076;2024-12-01;2024-12-08;2024-12-28;2024-12-29;20;1;TRUE
SHP1077;2023-09-03;2023-09-12;2023-09-22;2023-09-28;10;6;FALSE
SHP1078;2024-12-01;2024-12-10;2024-12-16;2024-12-18;6;2;TRUE
SHP1079;2023-01-08;2023-01-10;2023-02-20;2023-02-26;41;6;FALSE
SHP1080;2024-09-13;2024-09-23;2024-10-31;2024-11-06;38;6;FALSE
SHP1081;2024-06-07;2024-06-16;2024-07-04;2024-07-08;18;4;FALSE
SHP1082;2023-05-26;2023-06-04;2023-06-29;2023-07-01;25;2;TRUE
SHP1083;2024-12-06;2024-12-13;2024-12-28;2025-01-04;15;7;FALSE
SHP1084;2023-08-15;2023-08-22;2023-09-20;2023-09-26;29;6;FALSE
SHP1085;2023-06-08;2023-06-12;2023-06-17;2023-06-22;5;5;FALSE
SHP1086;2023-09-23;2023-10-03;2023-11-01;2023-11-07;29;6;FALSE
SHP1087;2023-11-18;2023-11-25;2023-12-29;2024-01-02;34;4;FALSE
SHP1088;2023-03-08;2023-03-13;2023-03-17;2023-03-20;4;3;TRUE
SHP1089;2024-04-15;2024-04-25;2024-04-28;2024-04-30;3;2;TRUE
SHP1090;2024-07-01;2024-07-11;2024-07-18;2024-07-25;7;7;FALSE
SHP1091;2023-07-07;2023-07-12;2023-08-21;2023-08-23;40;2;TRUE
SHP1092;2023-07-14;2023-07-17;2023-08-27;2023-08-29;41;2;TRUE
SHP1093;2023-04-11;2023-04-13;2023-04-19;2023-04-22;6;3;TRUE
SHP1094;2024-08-26;2024-09-04;2024-09-07;2024-09-10;3;3;TRUE
SHP1095;2023-01-01;2023-01-09;2023-01-21;2023-01-26;12;5;FALSE
SHP1096;2023-09-12;2023-09-18;2023-10-16;2023-10-22;28;6;FALSE
SHP1097;2024-04-26;2024-04-30;2024-06-02;2024-06-04;33;2;TRUE
SHP1098;2023-07-18;2023-07-23;2023-07-27;2023-07-29;4;2;TRUE
SHP1099;2023-11-28;2023-12-03;2023-12-26;2024-01-02;23;7;FALSE
SHP1100;2024-03-02;2024-03-08;2024-03-15;2024-03-17;7;2;TRUE
SHP1101;2023-11-19;2023-11-25;2023-12-27;2023-12-31;32;4;FALSE
SHP1102;2024-04-12;2024-04-14;2024-04-18;2024-04-25;4;7;FALSE
SHP1103;2023-11-30;2023-12-10;2024-01-14;2024-01-20;35;6;FALSE
SHP1104;2024-05-06;2024-05-15;2024-06-25;2024-06-26;41;1;TRUE
SHP1105;2023-04-14;2023-04-21;2023-04-23;2023-04-26;2;3;TRUE
SHP1106;2024-02-28;2024-03-03;2024-04-16;2024-04-23;44;7;FALSE
SHP1107;2024-08-09;2024-08-15;2024-09-19;2024-09-24;35;5;FALSE
SHP1108;2023-08-08;2023-08-15;2023-08-25;2023-08-29;10;4;FALSE
SHP1109;2024-10-19;2024-10-27;2024-11-05;2024-11-09;9;4;FALSE
SHP1110;2023-02-02;2023-02-09;2023-03-15;2023-03-22;34;7;FALSE
SHP1111;2024-06-28;2024-07-08;2024-07-31;2024-08-07;23;7;FALSE
SHP1112;2024-04-21;2024-04-25;2024-05-10;2024-05-16;15;6;FALSE
SHP1113;2023-01-07;2023-01-15;2023-02-21;2023-02-22;37;1;TRUE
SHP1114;2024-10-31;2024-11-07;2024-11-13;2024-11-19;6;6;FALSE
SHP1115;2023-02-10;2023-02-14;2023-03-28;2023-04-02;42;5;FALSE
SHP1116;2023-08-27;2023-09-03;2023-09-27;2023-09-28;24;1;TRUE
SHP1117;2024-04-02;2024-04-10;2024-04-15;2024-04-17;5;2;TRUE
SHP1118;2024-06-12;2024-06-16;2024-07-07;2024-07-14;21;7;FALSE
SHP1119;2024-01-04;2024-01-10;2024-02-12;2024-02-17;33;5;FALSE
SHP1120;2023-11-14;2023-11-22;2023-12-01;2023-12-08;9;7;FALSE
SHP1121;2023-09-12;2023-09-14;2023-10-07;2023-10-09;23;2;TRUE
SHP1122;2024-11-07;2024-11-14;2024-11-26;2024-12-01;12;5;FALSE
SHP1123;2023-07-05;2023-07-08;2023-07-12;2023-07-19;4;7;FALSE
SHP1124;2024-09-28;2024-09-30;2024-10-08;2024-10-15;8;7;FALSE
SHP1125;2024-06-21;2024-06-25;2024-07-18;2024-07-19;23;1;TRUE
SHP1126;2024-03-26;2024-03-28;2024-03-31;2024-04-03;3;3;TRUE
SHP1127;2023-04-09;2023-04-18;2023-05-21;2023-05-27;33;6;FALSE
SHP1128;2023-03-26;2023-03-29;2023-05-09;2023-05-15;41;6;FALSE
SHP1129;2024-04-18;2024-04-28;2024-06-06;2024-06-11;39;5;FALSE
SHP1130;2023-02-05;2023-02-13;2023-03-26;2023-04-01;41;6;FALSE
SHP1131;2023-06-15;2023-06-22;2023-07-01;2023-07-02;9;1;TRUE
SHP1132;2023-09-27;2023-10-06;2023-10-12;2023-10-13;6;1;TRUE
SHP1133;2024-04-12;2024-04-15;2024-05-24;2024-05-30;39;6;FALSE
SHP1134;2023-04-07;2023-04-16;2023-04-22;2023-04-29;6;7;FALSE
SHP1135;2024-05-31;2024-06-08;2024-06-11;2024-06-18;3;7;FALSE
SHP1136;2023-06-05;2023-06-15;2023-07-21;2023-07-26;36;5;FALSE
SHP1137;2024-10-12;2024-10-17;2024-11-24;2024-12-01;38;7;FALSE
SHP1138;2024-03-07;2024-03-16;2024-03-21;2024-03-24;5;3;TRUE
SHP1139;2024-09-19;2024-09-21;2024-09-25;2024-10-02;4;7;FALSE
SHP1140;2024-02-05;2024-02-10;2024-02-16;2024-02-18;6;2;TRUE
SHP1141;2023-07-30;2023-08-03;2023-08-13;2023-08-19;10;6;FALSE
SHP1142;2024-11-07;2024-11-13;2024-12-15;2024-12-22;32;7;FALSE
SHP1143;2023-04-26;2023-05-05;2023-06-12;2023-06-16;38;4;FALSE
SHP1144;2024-09-05;2024-09-12;2024-10-27;2024-10-29;45;2;TRUE
SHP1145;2023-10-10;2023-10-20;2023-11-01;2023-11-04;12;3;TRUE
SHP1146;2024-05-21;2024-05-29;2024-06-23;2024-06-29;25;6;FALSE
SHP1147;2024-01-27;2024-01-30;2024-02-01;2024-02-06;2;5;FALSE
SHP1148;2024-11-19;2024-11-27;2024-12-16;2024-12-23;19;7;FALSE
SHP1149;2024-10-05;2024-10-13;2024-11-01;2024-11-07;19;6;FALSE
SHP1150;2024-04-12;2024-04-18;2024-06-02;2024-06-05;45;3;TRUE
SHP1151;2024-12-16;2024-12-22;2024-12-29;2025-01-05;7;7;FALSE
SHP1152;2023-12-08;2023-12-18;2023-12-31;2024-01-06;13;6;FALSE
SHP1153;2023-11-17;2023-11-21;2023-12-01;2023-12-08;10;7;FALSE
SHP1154;2023-01-17;2023-01-22;2023-02-12;2023-02-17;21;5;FALSE
SHP1155;2023-07-23;2023-07-26;2023-07-28;2023-08-03;2;6;FALSE
SHP1156;2024-01-30;2024-02-05;2024-02-07;2024-02-12;2;5;FALSE
SHP1157;2023-01-27;2023-02-01;2023-02-06;2023-02-13;5;7;FALSE
SHP1158;2024-09-18;2024-09-27;2024-10-30;2024-11-03;33;4;FALSE
SHP1159;2024-02-01;2024-02-07;2024-02-14;2024-02-20;7;6;FALSE
SHP1160;2023-03-20;2023-03-24;2023-05-03;2023-05-06;40;3;TRUE
SHP1161;2024-07-02;2024-07-05;2024-08-02;2024-08-09;28;7;FALSE
SHP1162;2024-04-16;2024-04-25;2024-06-01;2024-06-05;37;4;FALSE
SHP1163;2023-12-22;2023-12-26;2023-12-31;2024-01-01;5;1;TRUE
SHP1164;2024-05-17;2024-05-21;2024-05-30;2024-06-03;9;4;FALSE
SHP1165;2024-07-06;2024-07-13;2024-07-31;2024-08-07;18;7;FALSE
SHP1166;2023-06-15;2023-06-20;2023-06-27;2023-06-29;7;2;TRUE
SHP1167;2023-04-07;2023-04-15;2023-04-24;2023-05-01;9;7;FALSE
SHP1168;2024-12-25;2024-12-31;2025-01-31;2025-02-04;31;4;FALSE
SHP1169;2024-06-20;2024-06-22;2024-07-18;2024-07-23;26;5;FALSE
SHP1170;2023-12-01;2023-12-07;2024-01-06;2024-01-07;30;1;TRUE
SHP1171;2024-07-02;2024-07-09;2024-07-15;2024-07-16;6;1;TRUE
SHP1172;2024-03-31;2024-04-02;2024-04-05;2024-04-10;3;5;FALSE
SHP1173;2023-06-21;2023-06-30;2023-07-21;2023-07-23;21;2;TRUE
SHP1174;2024-07-21;2024-07-28;2024-08-06;2024-08-08;9;2;TRUE
SHP1175;2024-11-06;2024-11-09;2024-12-19;2024-12-26;40;7;FALSE
SHP1176;2024-07-13;2024-07-19;2024-07-25;2024-07-28;6;3;TRUE
SHP1177;2024-05-18;2024-05-25;2024-05-27;2024-06-01;2;5;FALSE
SHP1178;2023-07-12;2023-07-18;2023-07-27;2023-08-01;9;5;FALSE
SHP1179;2023-07-12;2023-07-22;2023-08-20;2023-08-21;29;1;TRUE
SHP1180;2023-02-15;2023-02-18;2023-02-21;2023-02-25;3;4;FALSE
SHP1181;2024-09-19;2024-09-21;2024-09-23;2024-09-27;2;4;FALSE
SHP1182;2023-08-22;2023-08-30;2023-09-07;2023-09-08;8;1;TRUE
SHP1183;2023-01-11;2023-01-19;2023-02-19;2023-02-23;31;4;FALSE
SHP1184;2024-04-04;2024-04-09;2024-05-01;2024-05-02;22;1;TRUE
SHP1185;2023-09-20;2023-09-28;2023-11-06;2023-11-09;39;3;TRUE
SHP1186;2024-05-24;2024-05-28;2024-06-08;2024-06-13;11;5;FALSE
SHP1187;2024-12-11;2024-12-14;2025-01-03;2025-01-05;20;2;TRUE
SHP1188;2023-07-13;2023-07-20;2023-07-23;2023-07-24;3;1;TRUE
SHP1189;2023-02-27;2023-03-07;2023-03-12;2023-03-14;5;2;TRUE
SHP1190;2023-03-13;2023-03-18;2023-05-01;2023-05-06;44;5;FALSE
SHP1191;2024-07-01;2024-07-05;2024-07-23;2024-07-29;18;6;FALSE
SHP1192;2024-02-01;2024-02-04;2024-02-10;2024-02-17;6;7;FALSE
SHP1193;2024-10-22;2024-10-28;2024-11-27;2024-12-03;30;6;FALSE
SHP1194;2024-04-10;2024-04-17;2024-05-22;2024-05-24;35;2;TRUE
SHP1195;2023-05-28;2023-06-06;2023-06-25;2023-06-29;19;4;FALSE
SHP1196;2024-04-16;2024-04-25;2024-06-05;2024-06-09;41;4;FALSE
SHP1197;2023-08-11;2023-08-16;2023-08-22;2023-08-29;6;7;FALSE
SHP1198;2023-05-25;2023-05-28;2023-06-30;2023-07-05;33;5;FALSE
SHP1199;2024-11-06;2024-11-16;2024-12-16;2024-12-20;30;4;FALSE
SHP1200;2024-10-18;2024-10-23;2024-11-22;2024-11-24;30;2;TRUE
